/*
 * UnicodeTraits.cpp - Unicode character property lookup tables
 *
 * AUTO-GENERATED FILE - DO NOT EDIT
 * Generated by tools/unicodedata/generate_traits.py
 *
 * Bit layout (uint16_t):
 *   bits 0-3:  bidi_class        (in lowest nibble for shift-free extraction)
 *   bit  4:    nsm               (nonspacing mark)
 *   bit  5:    mirrored          (draw mirrored in RTL)
 *   bit  6:    mapped            (mirror mapping exists)
 *   bit  7:    controlchar       (control character)
 *   bits 8-12: general_category  (Unicode General Category)
 *   bit  13:   whitespace
 *   bit  14:   linebreak         (line break opportunity after)
 *   bit  15:   (reserved)
 */

#include "UnicodeTraits.hpp"

extern const uint16_t _unicode_info_0000_33FF[] = {
    0x198B, 0x198B, 0x198B, 0x198B, 0x198B, 0x198B, 0x198B, 0x198B, 0x198B, 0x598D, 0x198C, 0x198D, 0x398A, 0x198C, 0x198B, 0x198B,
    0x198B, 0x198B, 0x198B, 0x198B, 0x198B, 0x198B, 0x198B, 0x198B, 0x198B, 0x198B, 0x198B, 0x198B, 0x198C, 0x198C, 0x198C, 0x198D,
    0x760A, 0x1109, 0x1109, 0x1106, 0x1306, 0x1106, 0x1109, 0x1109, 0x0D69, 0x0E69, 0x1109, 0x1205, 0x1107, 0x4C05, 0x1107, 0x5107,
    0x0803, 0x0803, 0x0803, 0x0803, 0x0803, 0x0803, 0x0803, 0x0803, 0x0803, 0x0803, 0x1107, 0x1109, 0x1269, 0x1209, 0x1269, 0x1109,
    0x1109, 0x0000, 0x0000, 0x0000, 0x0000, 0x0000, 0x0000, 0x0000, 0x0000, 0x0000, 0x0000, 0x0000, 0x0000, 0x0000, 0x0000, 0x0000,
    0x0000, 0x0000, 0x0000, 0x0000, 0x0000, 0x0000, 0x0000, 0x0000, 0x0000, 0x0000, 0x0000, 0x0D69, 0x1109, 0x0E69, 0x1409, 0x0B09,
    0x1409, 0x0100, 0x0100, 0x0100, 0x0100, 0x0100, 0x0100, 0x0100, 0x0100, 0x0100, 0x0100, 0x0100, 0x0100, 0x0100, 0x0100, 0x0100,
    0x0100, 0x0100, 0x0100, 0x0100, 0x0100, 0x0100, 0x0100, 0x0100, 0x0100, 0x0100, 0x0100, 0x0D69, 0x5209, 0x0E69, 0x1209, 0x198B,
    0x198B, 0x198B, 0x198B, 0x198B, 0x198B, 0x198C, 0x198B, 0x198B, 0x198B, 0x198B, 0x198B, 0x198B, 0x198B, 0x198B, 0x198B, 0x198B,
    0x198B, 0x198B, 0x198B, 0x198B, 0x198B, 0x198B, 0x198B, 0x198B, 0x198B, 0x198B, 0x198B, 0x198B, 0x198B, 0x198B, 0x198B, 0x198B,
    0x3607, 0x1109, 0x1306, 0x1306, 0x1306, 0x1306, 0x1509, 0x5109, 0x5409, 0x1509, 0x4400, 0x0F69, 0x1209, 0x5A0B, 0x1509, 0x1409,
    0x1506, 0x1206, 0x4A03, 0x4A03, 0x1409, 0x0100, 0x5109, 0x5109, 0x5409, 0x4A03, 0x4400, 0x1069, 0x4A09, 0x4A09, 0x4A09, 0x1109,
    0x0000, 0x0000, 0x0000, 0x0000, 0x0000, 0x0000, 0x0000, 0x0000, 0x0000, 0x0000, 0x0000, 0x0000, 0x0000, 0x0000, 0x0000, 0x0000,
    0x0000, 0x0000, 0x0000, 0x0000, 0x0000, 0x0000, 0x0000, 0x5209, 0x0000, 0x0000, 0x0000, 0x0000, 0x0000, 0x0000, 0x0000, 0x0100,
    0x0100, 0x0100, 0x0100, 0x0100, 0x0100, 0x0100, 0x0100, 0x0100, 0x0100, 0x0100, 0x0100, 0x0100, 0x0100, 0x0100, 0x0100, 0x0100,
    0x0100, 0x0100, 0x0100, 0x0100, 0x0100, 0x0100, 0x0100, 0x5209, 0x0100, 0x0100, 0x0100, 0x0100, 0x0100, 0x0100, 0x0100, 0x0100,
    0x0000, 0x0100, 0x0000, 0x0100, 0x0000, 0x0100, 0x0000, 0x0100, 0x0000, 0x0100, 0x0000, 0x0100, 0x0000, 0x0100, 0x0000, 0x0100,
    0x0000, 0x0100, 0x0000, 0x0100, 0x0000, 0x0100, 0x0000, 0x0100, 0x0000, 0x0100, 0x0000, 0x0100, 0x0000, 0x0100, 0x0000, 0x0100,
    0x0000, 0x0100, 0x0000, 0x0100, 0x0000, 0x0100, 0x0000, 0x0100, 0x0000, 0x0100, 0x0000, 0x0100, 0x0000, 0x0100, 0x0000, 0x0100,
    0x0000, 0x0100, 0x0000, 0x0100, 0x0000, 0x0100, 0x0000, 0x0100, 0x0100, 0x0000, 0x0100, 0x0000, 0x0100, 0x0000, 0x0100, 0x0000,
    0x0100, 0x0000, 0x0100, 0x0000, 0x0100, 0x0000, 0x0100, 0x0000, 0x0100, 0x0100, 0x0000, 0x0100, 0x0000, 0x0100, 0x0000, 0x0100,
    0x0000, 0x0100, 0x0000, 0x0100, 0x0000, 0x0100, 0x0000, 0x0100, 0x0000, 0x0100, 0x0000, 0x0100, 0x0000, 0x0100, 0x0000, 0x0100,
    0x0000, 0x0100, 0x0000, 0x0100, 0x0000, 0x0100, 0x0000, 0x0100, 0x0000, 0x0100, 0x0000, 0x0100, 0x0000, 0x0100, 0x0000, 0x0100,
    0x0000, 0x0100, 0x0000, 0x0100, 0x0000, 0x0100, 0x0000, 0x0100, 0x0000, 0x0000, 0x0100, 0x0000, 0x0100, 0x0000, 0x0100, 0x0100,
    0x0100, 0x0000, 0x0000, 0x0100, 0x0000, 0x0100, 0x0000, 0x0000, 0x0100, 0x0000, 0x0000, 0x0000, 0x0100, 0x0100, 0x0000, 0x0000,
    0x0000, 0x0000, 0x0100, 0x0000, 0x0000, 0x0100, 0x0000, 0x0000, 0x0000, 0x0100, 0x0100, 0x0100, 0x0000, 0x0000, 0x0100, 0x0000,
    0x0000, 0x0100, 0x0000, 0x0100, 0x0000, 0x0100, 0x0000, 0x0000, 0x0100, 0x0000, 0x0100, 0x0100, 0x0000, 0x0100, 0x0000, 0x0000,
    0x0100, 0x0000, 0x0000, 0x0000, 0x0100, 0x0000, 0x0100, 0x0000, 0x0000, 0x0100, 0x0100, 0x0400, 0x0000, 0x0100, 0x0100, 0x0100,
    0x0400, 0x0400, 0x0400, 0x0400, 0x0000, 0x0200, 0x0100, 0x0000, 0x0200, 0x0100, 0x0000, 0x0200, 0x0100, 0x0000, 0x0100, 0x0000,
    0x0100, 0x0000, 0x0100, 0x0000, 0x0100, 0x0000, 0x0100, 0x0000, 0x0100, 0x0000, 0x0100, 0x0000, 0x0100, 0x0100, 0x0000, 0x0100,
    0x0000, 0x0100, 0x0000, 0x0100, 0x0000, 0x0100, 0x0000, 0x0100, 0x0000, 0x0100, 0x0000, 0x0100, 0x0000, 0x0100, 0x0000, 0x0100,
    0x0100, 0x0000, 0x0200, 0x0100, 0x0000, 0x0100, 0x0000, 0x0000, 0x0000, 0x0100, 0x0000, 0x0100, 0x0000, 0x0100, 0x0000, 0x0100,
    0x0000, 0x0100, 0x0000, 0x0100, 0x0000, 0x0100, 0x0000, 0x0100, 0x0000, 0x0100, 0x0000, 0x0100, 0x0000, 0x0100, 0x0000, 0x0100,
    0x0000, 0x0100, 0x0000, 0x0100, 0x0000, 0x0100, 0x0000, 0x0100, 0x0000, 0x0100, 0x0000, 0x0100, 0x0000, 0x0100, 0x0000, 0x0100,
    0x0000, 0x0100, 0x0000, 0x0100, 0x0000, 0x0100, 0x0000, 0x0100, 0x0000, 0x0100, 0x0000, 0x0100, 0x0000, 0x0100, 0x0000, 0x0100,
    0x0000, 0x0100, 0x0000, 0x0100, 0x0100, 0x0100, 0x0100, 0x0100, 0x0100, 0x0100, 0x0000, 0x0000, 0x0100, 0x0000, 0x0000, 0x0100,
    0x0100, 0x0000, 0x0100, 0x0000, 0x0000, 0x0000, 0x0000, 0x0100, 0x0000, 0x0100, 0x0000, 0x0100, 0x0000, 0x0100, 0x0000, 0x0100,
    0x0100, 0x0100, 0x0100, 0x0100, 0x0100, 0x0100, 0x0100, 0x0100, 0x0100, 0x0100, 0x0100, 0x0100, 0x0100, 0x0100, 0x0100, 0x0100,
    0x0100, 0x0100, 0x0100, 0x0100, 0x0100, 0x0100, 0x0100, 0x0100, 0x0100, 0x0100, 0x0100, 0x0100, 0x0100, 0x0100, 0x0100, 0x0100,
    0x0100, 0x0100, 0x0100, 0x0100, 0x0100, 0x0100, 0x0100, 0x0100, 0x0100, 0x0100, 0x0100, 0x0100, 0x0100, 0x0100, 0x0100, 0x0100,
    0x0100, 0x0100, 0x0100, 0x0100, 0x0100, 0x0100, 0x0100, 0x0100, 0x0100, 0x0100, 0x0100, 0x0100, 0x0100, 0x0100, 0x0100, 0x0100,
    0x0100, 0x0100, 0x0100, 0x0100, 0x0400, 0x0100, 0x0100, 0x0100, 0x0100, 0x0100, 0x0100, 0x0100, 0x0100, 0x0100, 0x0100, 0x0100,
    0x0100, 0x0100, 0x0100, 0x0100, 0x0100, 0x0100, 0x0100, 0x0100, 0x0100, 0x0100, 0x0100, 0x0100, 0x0100, 0x0100, 0x0100, 0x0100,
    0x0300, 0x0300, 0x0300, 0x0300, 0x0300, 0x0300, 0x0300, 0x0300, 0x0300, 0x0309, 0x0309, 0x0300, 0x0300, 0x0300, 0x0300, 0x0300,
    0x0300, 0x0300, 0x1409, 0x1409, 0x1409, 0x1409, 0x0309, 0x4309, 0x0309, 0x4309, 0x4309, 0x4309, 0x0309, 0x4309, 0x0309, 0x0309,
    0x4300, 0x0300, 0x1409, 0x1409, 0x1409, 0x1409, 0x1409, 0x1409, 0x5409, 0x5409, 0x5409, 0x5409, 0x1409, 0x5409, 0x1409, 0x1409,
    0x0300, 0x0300, 0x0300, 0x0300, 0x0300, 0x1409, 0x1409, 0x1409, 0x1409, 0x1409, 0x1409, 0x1409, 0x0309, 0x1409, 0x0300, 0x1409,
    0x1409, 0x1409, 0x1409, 0x1409, 0x1409, 0x1409, 0x1409, 0x1409, 0x1409, 0x1409, 0x1409, 0x1409, 0x1409, 0x1409, 0x1409, 0x1409,
    0x0518, 0x0518, 0x0518, 0x0518, 0x0518, 0x0518, 0x0518, 0x0518, 0x0518, 0x0518, 0x0518, 0x0518, 0x0518, 0x0518, 0x0518, 0x0518,
    0x0518, 0x0518, 0x0518, 0x0518, 0x0518, 0x0518, 0x0518, 0x0518, 0x0518, 0x0518, 0x0518, 0x0518, 0x0518, 0x0518, 0x0518, 0x0518,
    0x0518, 0x0518, 0x0518, 0x0518, 0x0518, 0x0518, 0x0518, 0x0518, 0x0518, 0x0518, 0x0518, 0x0518, 0x0518, 0x0518, 0x0518, 0x0518,
    0x0518, 0x0518, 0x0518, 0x0518, 0x0518, 0x0518, 0x0518, 0x0518, 0x0518, 0x0518, 0x0518, 0x0518, 0x0518, 0x0518, 0x0518, 0x0518,
    0x0518, 0x0518, 0x0518, 0x0518, 0x0518, 0x0518, 0x0518, 0x0518, 0x0518, 0x0518, 0x0518, 0x0518, 0x0518, 0x0518, 0x0518, 0x0518,
    0x0518, 0x0518, 0x0518, 0x0518, 0x0518, 0x0518, 0x0518, 0x0518, 0x0518, 0x0518, 0x0518, 0x0518, 0x0518, 0x0518, 0x0518, 0x0518,
    0x0518, 0x0518, 0x0518, 0x0518, 0x0518, 0x0518, 0x0518, 0x0518, 0x0518, 0x0518, 0x0518, 0x0518, 0x0518, 0x0518, 0x0518, 0x0518,
    0x0000, 0x0100, 0x0000, 0x0100, 0x0309, 0x1409, 0x0000, 0x0100, 0x1D00, 0x1D00, 0x0300, 0x0100, 0x0100, 0x0100, 0x1109, 0x0000,
    0x1D00, 0x1D00, 0x1D00, 0x1D00, 0x1409, 0x1409, 0x0000, 0x1109, 0x0000, 0x0000, 0x0000, 0x1D00, 0x0000, 0x1D00, 0x0000, 0x0000,
    0x0100, 0x0000, 0x0000, 0x0000, 0x0000, 0x0000, 0x0000, 0x0000, 0x0000, 0x0000, 0x0000, 0x0000, 0x0000, 0x0000, 0x0000, 0x0000,
    0x0000, 0x0000, 0x1D00, 0x0000, 0x0000, 0x0000, 0x0000, 0x0000, 0x0000, 0x0000, 0x0000, 0x0000, 0x0100, 0x0100, 0x0100, 0x0100,
    0x0100, 0x0100, 0x0100, 0x0100, 0x0100, 0x0100, 0x0100, 0x0100, 0x0100, 0x0100, 0x0100, 0x0100, 0x0100, 0x0100, 0x0100, 0x0100,
    0x0100, 0x0100, 0x0100, 0x0100, 0x0100, 0x0100, 0x0100, 0x0100, 0x0100, 0x0100, 0x0100, 0x0100, 0x0100, 0x0100, 0x0100, 0x0000,
    0x0100, 0x0100, 0x0000, 0x0000, 0x0000, 0x0100, 0x0100, 0x0100, 0x0000, 0x0100, 0x0000, 0x0100, 0x0000, 0x0100, 0x0000, 0x0100,
    0x0000, 0x0100, 0x0000, 0x0100, 0x0000, 0x0100, 0x0000, 0x0100, 0x0000, 0x0100, 0x0000, 0x0100, 0x0000, 0x0100, 0x0000, 0x0100,
    0x0100, 0x0100, 0x0100, 0x0100, 0x0000, 0x0100, 0x1209, 0x0000, 0x0100, 0x0000, 0x0000, 0x0100, 0x0100, 0x0000, 0x0000, 0x0000,
    0x0000, 0x0000, 0x0000, 0x0000, 0x0000, 0x0000, 0x0000, 0x0000, 0x0000, 0x0000, 0x0000, 0x0000, 0x0000, 0x0000, 0x0000, 0x0000,
    0x0000, 0x0000, 0x0000, 0x0000, 0x0000, 0x0000, 0x0000, 0x0000, 0x0000, 0x0000, 0x0000, 0x0000, 0x0000, 0x0000, 0x0000, 0x0000,
    0x0000, 0x0000, 0x0000, 0x0000, 0x0000, 0x0000, 0x0000, 0x0000, 0x0000, 0x0000, 0x0000, 0x0000, 0x0000, 0x0000, 0x0000, 0x0000,
    0x0100, 0x0100, 0x0100, 0x0100, 0x0100, 0x0100, 0x0100, 0x0100, 0x0100, 0x0100, 0x0100, 0x0100, 0x0100, 0x0100, 0x0100, 0x0100,
    0x0100, 0x0100, 0x0100, 0x0100, 0x0100, 0x0100, 0x0100, 0x0100, 0x0100, 0x0100, 0x0100, 0x0100, 0x0100, 0x0100, 0x0100, 0x0100,
    0x0100, 0x0100, 0x0100, 0x0100, 0x0100, 0x0100, 0x0100, 0x0100, 0x0100, 0x0100, 0x0100, 0x0100, 0x0100, 0x0100, 0x0100, 0x0100,
    0x0000, 0x0100, 0x0000, 0x0100, 0x0000, 0x0100, 0x0000, 0x0100, 0x0000, 0x0100, 0x0000, 0x0100, 0x0000, 0x0100, 0x0000, 0x0100,
    0x0000, 0x0100, 0x0000, 0x0100, 0x0000, 0x0100, 0x0000, 0x0100, 0x0000, 0x0100, 0x0000, 0x0100, 0x0000, 0x0100, 0x0000, 0x0100,
    0x0000, 0x0100, 0x1500, 0x0518, 0x0518, 0x0518, 0x0518, 0x0518, 0x0718, 0x0718, 0x0000, 0x0100, 0x0000, 0x0100, 0x0000, 0x0100,
    0x0000, 0x0100, 0x0000, 0x0100, 0x0000, 0x0100, 0x0000, 0x0100, 0x0000, 0x0100, 0x0000, 0x0100, 0x0000, 0x0100, 0x0000, 0x0100,
    0x0000, 0x0100, 0x0000, 0x0100, 0x0000, 0x0100, 0x0000, 0x0100, 0x0000, 0x0100, 0x0000, 0x0100, 0x0000, 0x0100, 0x0000, 0x0100,
    0x0000, 0x0100, 0x0000, 0x0100, 0x0000, 0x0100, 0x0000, 0x0100, 0x0000, 0x0100, 0x0000, 0x0100, 0x0000, 0x0100, 0x0000, 0x0100,
    0x0000, 0x0000, 0x0100, 0x0000, 0x0100, 0x0000, 0x0100, 0x0000, 0x0100, 0x0000, 0x0100, 0x0000, 0x0100, 0x0000, 0x0100, 0x0100,
    0x0000, 0x0100, 0x0000, 0x0100, 0x0000, 0x0100, 0x0000, 0x0100, 0x0000, 0x0100, 0x0000, 0x0100, 0x0000, 0x0100, 0x0000, 0x0100,
    0x0000, 0x0100, 0x0000, 0x0100, 0x0000, 0x0100, 0x0000, 0x0100, 0x0000, 0x0100, 0x0000, 0x0100, 0x0000, 0x0100, 0x0000, 0x0100,
    0x0000, 0x0100, 0x0000, 0x0100, 0x0000, 0x0100, 0x0000, 0x0100, 0x0000, 0x0100, 0x0000, 0x0100, 0x0000, 0x0100, 0x0000, 0x0100,
    0x0000, 0x0100, 0x0000, 0x0100, 0x0000, 0x0100, 0x0000, 0x0100, 0x0000, 0x0100, 0x0000, 0x0100, 0x0000, 0x0100, 0x0000, 0x0100,
    0x0000, 0x0100, 0x0000, 0x0100, 0x0000, 0x0100, 0x0000, 0x0100, 0x0000, 0x0100, 0x0000, 0x0100, 0x0000, 0x0100, 0x0000, 0x0100,
    0x0000, 0x0100, 0x0000, 0x0100, 0x0000, 0x0100, 0x0000, 0x0100, 0x0000, 0x0100, 0x0000, 0x0100, 0x0000, 0x0100, 0x0000, 0x0100,
    0x1D00, 0x0000, 0x0000, 0x0000, 0x0000, 0x0000, 0x0000, 0x0000, 0x0000, 0x0000, 0x0000, 0x0000, 0x0000, 0x0000, 0x0000, 0x0000,
    0x0000, 0x0000, 0x0000, 0x0000, 0x0000, 0x0000, 0x0000, 0x0000, 0x0000, 0x0000, 0x0000, 0x0000, 0x0000, 0x0000, 0x0000, 0x0000,
    0x0000, 0x0000, 0x0000, 0x0000, 0x0000, 0x0000, 0x0000, 0x1D00, 0x1D00, 0x0300, 0x1100, 0x1100, 0x1100, 0x1100, 0x1100, 0x1100,
    0x0100, 0x0100, 0x0100, 0x0100, 0x0100, 0x0100, 0x0100, 0x0100, 0x0100, 0x0100, 0x0100, 0x0100, 0x0100, 0x0100, 0x0100, 0x0100,
    0x0100, 0x0100, 0x0100, 0x0100, 0x0100, 0x0100, 0x0100, 0x0100, 0x0100, 0x0100, 0x0100, 0x0100, 0x0100, 0x0100, 0x0100, 0x0100,
    0x0100, 0x0100, 0x0100, 0x0100, 0x0100, 0x0100, 0x0100, 0x0100, 0x0100, 0x1100, 0x4C09, 0x1D00, 0x1D00, 0x1509, 0x1509, 0x1306,
    0x1D00, 0x0518, 0x0518, 0x0518, 0x0518, 0x0518, 0x0518, 0x0518, 0x0518, 0x0518, 0x0518, 0x0518, 0x0518, 0x0518, 0x0518, 0x0518,
    0x0518, 0x0518, 0x0518, 0x0518, 0x0518, 0x0518, 0x0518, 0x0518, 0x0518, 0x0518, 0x0518, 0x0518, 0x0518, 0x0518, 0x0518, 0x0518,
    0x0518, 0x0518, 0x0518, 0x0518, 0x0518, 0x0518, 0x0518, 0x0518, 0x0518, 0x0518, 0x0518, 0x0518, 0x0518, 0x0518, 0x4C01, 0x0518,
    0x1101, 0x0518, 0x0518, 0x1101, 0x0518, 0x0518, 0x1101, 0x0518, 0x1D00, 0x1D00, 0x1D00, 0x1D00, 0x1D00, 0x1D00, 0x1D00, 0x1D00,
    0x0401, 0x0401, 0x0401, 0x0401, 0x0401, 0x0401, 0x0401, 0x0401, 0x0401, 0x0401, 0x0401, 0x0401, 0x0401, 0x0401, 0x0401, 0x0401,
    0x0401, 0x0401, 0x0401, 0x0401, 0x0401, 0x0401, 0x0401, 0x0401, 0x0401, 0x0401, 0x0401, 0x1D00, 0x1D00, 0x1D00, 0x1D00, 0x0401,
    0x0401, 0x0401, 0x0401, 0x1101, 0x1101, 0x1D00, 0x1D00, 0x1D00, 0x1D00, 0x1D00, 0x1D00, 0x1D00, 0x1D00, 0x1D00, 0x1D00, 0x1D00,
    0x1A04, 0x1A04, 0x1A04, 0x1A04, 0x1A04, 0x1A04, 0x1209, 0x1209, 0x1202, 0x1106, 0x1106, 0x1302, 0x1107, 0x1102, 0x1509, 0x1509,
    0x0518, 0x0518, 0x0518, 0x0518, 0x0518, 0x0518, 0x0518, 0x0518, 0x0518, 0x0518, 0x0518, 0x1102, 0x1A02, 0x1D00, 0x1102, 0x1102,
    0x0402, 0x0402, 0x0402, 0x0402, 0x0402, 0x0402, 0x0402, 0x0402, 0x0402, 0x0402, 0x0402, 0x0402, 0x0402, 0x0402, 0x0402, 0x0402,
    0x0402, 0x0402, 0x0402, 0x0402, 0x0402, 0x0402, 0x0402, 0x0402, 0x0402, 0x0402, 0x0402, 0x0402, 0x0402, 0x0402, 0x0402, 0x0402,
    0x0302, 0x0402, 0x0402, 0x0402, 0x0402, 0x0402, 0x0402, 0x0402, 0x0402, 0x0402, 0x0402, 0x0518, 0x0518, 0x0518, 0x0518, 0x0518,
    0x0518, 0x0518, 0x0518, 0x0518, 0x0518, 0x0518, 0x0518, 0x0518, 0x0518, 0x0518, 0x0518, 0x0518, 0x0518, 0x0518, 0x0518, 0x0518,
    0x0804, 0x0804, 0x0804, 0x0804, 0x0804, 0x0804, 0x0804, 0x0804, 0x0804, 0x0804, 0x1106, 0x1104, 0x1104, 0x1102, 0x0402, 0x0402,
    0x0518, 0x0402, 0x0402, 0x0402, 0x0402, 0x0402, 0x0402, 0x0402, 0x0402, 0x0402, 0x0402, 0x0402, 0x0402, 0x0402, 0x0402, 0x0402,
    0x0402, 0x0402, 0x0402, 0x0402, 0x0402, 0x0402, 0x0402, 0x0402, 0x0402, 0x0402, 0x0402, 0x0402, 0x0402, 0x0402, 0x0402, 0x0402,
    0x0402, 0x0402, 0x0402, 0x0402, 0x0402, 0x0402, 0x0402, 0x0402, 0x0402, 0x0402, 0x0402, 0x0402, 0x0402, 0x0402, 0x0402, 0x0402,
    0x0402, 0x0402, 0x0402, 0x0402, 0x0402, 0x0402, 0x0402, 0x0402, 0x0402, 0x0402, 0x0402, 0x0402, 0x0402, 0x0402, 0x0402, 0x0402,
    0x0402, 0x0402, 0x0402, 0x0402, 0x0402, 0x0402, 0x0402, 0x0402, 0x0402, 0x0402, 0x0402, 0x0402, 0x0402, 0x0402, 0x0402, 0x0402,
    0x0402, 0x0402, 0x0402, 0x0402, 0x0402, 0x0402, 0x0402, 0x0402, 0x0402, 0x0402, 0x0402, 0x0402, 0x0402, 0x0402, 0x0402, 0x0402,
    0x0402, 0x0402, 0x0402, 0x0402, 0x1102, 0x0402, 0x0518, 0x0518, 0x0518, 0x0518, 0x0518, 0x0518, 0x0518, 0x1A04, 0x1509, 0x0518,
    0x0518, 0x0518, 0x0518, 0x0518, 0x0518, 0x0302, 0x0302, 0x0518, 0x0518, 0x1509, 0x0518, 0x0518, 0x0518, 0x0518, 0x0402, 0x0402,
    0x0803, 0x0803, 0x0803, 0x0803, 0x0803, 0x0803, 0x0803, 0x0803, 0x0803, 0x0803, 0x0402, 0x0402, 0x0402, 0x1502, 0x1502, 0x0402,
    0x1102, 0x1102, 0x1102, 0x1102, 0x1102, 0x1102, 0x1102, 0x1102, 0x1102, 0x1102, 0x1102, 0x1102, 0x1102, 0x1102, 0x1D00, 0x1A02,
    0x0402, 0x0518, 0x0402, 0x0402, 0x0402, 0x0402, 0x0402, 0x0402, 0x0402, 0x0402, 0x0402, 0x0402, 0x0402, 0x0402, 0x0402, 0x0402,
    0x0402, 0x0402, 0x0402, 0x0402, 0x0402, 0x0402, 0x0402, 0x0402, 0x0402, 0x0402, 0x0402, 0x0402, 0x0402, 0x0402, 0x0402, 0x0402,
    0x0518, 0x0518, 0x0518, 0x0518, 0x0518, 0x0518, 0x0518, 0x0518, 0x0518, 0x0518, 0x0518, 0x0518, 0x0518, 0x0518, 0x0518, 0x0518,
    0x0518, 0x0518, 0x0518, 0x0518, 0x0518, 0x0518, 0x0518, 0x0518, 0x0518, 0x0518, 0x0518, 0x1D00, 0x1D00, 0x0402, 0x0402, 0x0402,
    0x0402, 0x0402, 0x0402, 0x0402, 0x0402, 0x0402, 0x0402, 0x0402, 0x0402, 0x0402, 0x0402, 0x0402, 0x0402, 0x0402, 0x0402, 0x0402,
    0x0402, 0x0402, 0x0402, 0x0402, 0x0402, 0x0402, 0x0402, 0x0402, 0x0402, 0x0402, 0x0402, 0x0402, 0x0402, 0x0402, 0x0402, 0x0402,
    0x0402, 0x0402, 0x0402, 0x0402, 0x0402, 0x0402, 0x0402, 0x0402, 0x0402, 0x0402, 0x0402, 0x0402, 0x0402, 0x0402, 0x0402, 0x0402,
    0x0402, 0x0402, 0x0402, 0x0402, 0x0402, 0x0402, 0x0402, 0x0402, 0x0402, 0x0402, 0x0402, 0x0402, 0x0402, 0x0402, 0x0402, 0x0402,
    0x0402, 0x0402, 0x0402, 0x0402, 0x0402, 0x0402, 0x0402, 0x0402, 0x0402, 0x0402, 0x0402, 0x0402, 0x0402, 0x0402, 0x0402, 0x0402,
    0x0402, 0x0402, 0x0402, 0x0402, 0x0402, 0x0402, 0x0518, 0x0518, 0x0518, 0x0518, 0x0518, 0x0518, 0x0518, 0x0518, 0x0518, 0x0518,
    0x0518, 0x0402, 0x1D00, 0x1D00, 0x1D00, 0x1D00, 0x1D00, 0x1D00, 0x1D00, 0x1D00, 0x1D00, 0x1D00, 0x1D00, 0x1D00, 0x1D00, 0x1D00,
    0x0801, 0x0801, 0x0801, 0x0801, 0x0801, 0x0801, 0x0801, 0x0801, 0x0801, 0x0801, 0x0401, 0x0401, 0x0401, 0x0401, 0x0401, 0x0401,
    0x0401, 0x0401, 0x0401, 0x0401, 0x0401, 0x0401, 0x0401, 0x0401, 0x0401, 0x0401, 0x0401, 0x0401, 0x0401, 0x0401, 0x0401, 0x0401,
    0x0401, 0x0401, 0x0401, 0x0401, 0x0401, 0x0401, 0x0401, 0x0401, 0x0401, 0x0401, 0x0401, 0x0518, 0x0518, 0x0518, 0x0518, 0x0518,
    0x0518, 0x0518, 0x0518, 0x0518, 0x0301, 0x0301, 0x1509, 0x1109, 0x1109, 0x1109, 0x0301, 0x1D00, 0x1D00, 0x0518, 0x1301, 0x1301,
    0x0401, 0x0401, 0x0401, 0x0401, 0x0401, 0x0401, 0x0401, 0x0401, 0x0401, 0x0401, 0x0401, 0x0401, 0x0401, 0x0401, 0x0401, 0x0401,
    0x0401, 0x0401, 0x0401, 0x0401, 0x0401, 0x0401, 0x0518, 0x0518, 0x0518, 0x0518, 0x0301, 0x0518, 0x0518, 0x0518, 0x0518, 0x0518,
    0x0518, 0x0518, 0x0518, 0x0518, 0x0301, 0x0518, 0x0518, 0x0518, 0x0301, 0x0518, 0x0518, 0x0518, 0x0518, 0x0518, 0x1D00, 0x1D00,
    0x1101, 0x1101, 0x1101, 0x1101, 0x1101, 0x1101, 0x1101, 0x1101, 0x1101, 0x1101, 0x1101, 0x1101, 0x1101, 0x1101, 0x1101, 0x1D00,
    0x0401, 0x0401, 0x0401, 0x0401, 0x0401, 0x0401, 0x0401, 0x0401, 0x0401, 0x0401, 0x0401, 0x0401, 0x0401, 0x0401, 0x0401, 0x0401,
    0x0401, 0x0401, 0x0401, 0x0401, 0x0401, 0x0401, 0x0401, 0x0401, 0x0401, 0x0518, 0x0518, 0x0518, 0x1D00, 0x1D00, 0x1101, 0x1D00,
    0x0402, 0x0402, 0x0402, 0x0402, 0x0402, 0x0402, 0x0402, 0x0402, 0x0402, 0x0402, 0x0402, 0x1D00, 0x1D00, 0x1D00, 0x1D00, 0x1D00,
    0x1D00, 0x1D00, 0x1D00, 0x1D00, 0x1D00, 0x1D00, 0x1D00, 0x1D00, 0x1D00, 0x1D00, 0x1D00, 0x1D00, 0x1D00, 0x1D00, 0x1D00, 0x1D00,
    0x1D00, 0x1D00, 0x1D00, 0x1D00, 0x1D00, 0x1D00, 0x1D00, 0x1D00, 0x1D00, 0x1D00, 0x1D00, 0x1D00, 0x1D00, 0x1D00, 0x1D00, 0x1D00,
    0x1D00, 0x1D00, 0x1D00, 0x1D00, 0x1D00, 0x1D00, 0x1D00, 0x1D00, 0x1D00, 0x1D00, 0x1D00, 0x1D00, 0x1D00, 0x1D00, 0x1D00, 0x1D00,
    0x0402, 0x0402, 0x0402, 0x0402, 0x0402, 0x0402, 0x0402, 0x0402, 0x0402, 0x0402, 0x0402, 0x0402, 0x0402, 0x0402, 0x0402, 0x0402,
    0x0402, 0x0402, 0x0402, 0x0402, 0x0402, 0x1D00, 0x0402, 0x0402, 0x0402, 0x0402, 0x0402, 0x0402, 0x0402, 0x0402, 0x1D00, 0x1D00,
    0x1D00, 0x1D00, 0x1D00, 0x1D00, 0x1D00, 0x1D00, 0x1D00, 0x1D00, 0x1D00, 0x1D00, 0x1D00, 0x1D00, 0x1D00, 0x1D00, 0x1D00, 0x1D00,
    0x1D00, 0x1D00, 0x1D00, 0x0518, 0x0518, 0x0518, 0x0518, 0x0518, 0x0518, 0x0518, 0x0518, 0x0518, 0x0518, 0x0518, 0x0518, 0x0518,
    0x0518, 0x0518, 0x1A04, 0x0518, 0x0518, 0x0518, 0x0518, 0x0518, 0x0518, 0x0518, 0x0518, 0x0518, 0x0518, 0x0518, 0x0518, 0x0518,
    0x0518, 0x0518, 0x0518, 0x0518, 0x0518, 0x0518, 0x0518, 0x0518, 0x0518, 0x0518, 0x0518, 0x0518, 0x0518, 0x0518, 0x0518, 0x0518,
    0x0518, 0x0518, 0x0518, 0x0600, 0x0400, 0x0400, 0x0400, 0x0400, 0x0400, 0x0400, 0x0400, 0x0400, 0x0400, 0x0400, 0x0400, 0x0400,
    0x0400, 0x0400, 0x0400, 0x0400, 0x0400, 0x0400, 0x0400, 0x0400, 0x0400, 0x0400, 0x0400, 0x0400, 0x0400, 0x0400, 0x0400, 0x0400,
    0x0400, 0x0400, 0x0400, 0x0400, 0x0400, 0x0400, 0x0400, 0x0400, 0x0400, 0x0400, 0x0400, 0x0400, 0x0400, 0x0400, 0x0400, 0x0400,
    0x0400, 0x0400, 0x0400, 0x0400, 0x0400, 0x0400, 0x0400, 0x0400, 0x0400, 0x0400, 0x0518, 0x0600, 0x0518, 0x0400, 0x0600, 0x0600,
    0x0600, 0x0518, 0x0518, 0x0518, 0x0518, 0x0518, 0x0518, 0x0518, 0x0518, 0x0600, 0x0600, 0x0600, 0x0600, 0x0518, 0x0600, 0x0600,
    0x0400, 0x0518, 0x0518, 0x0518, 0x0518, 0x0518, 0x0518, 0x0518, 0x0400, 0x0400, 0x0400, 0x0400, 0x0400, 0x0400, 0x0400, 0x0400,
    0x0400, 0x0400, 0x0518, 0x0518, 0x5100, 0x5100, 0x0800, 0x0800, 0x0800, 0x0800, 0x0800, 0x0800, 0x0800, 0x0800, 0x0800, 0x0800,
    0x1100, 0x0300, 0x0400, 0x0400, 0x0400, 0x0400, 0x0400, 0x0400, 0x0400, 0x0400, 0x0400, 0x0400, 0x0400, 0x0400, 0x0400, 0x0400,
    0x0400, 0x0518, 0x0600, 0x0600, 0x1D00, 0x0400, 0x0400, 0x0400, 0x0400, 0x0400, 0x0400, 0x0400, 0x0400, 0x1D00, 0x1D00, 0x0400,
    0x0400, 0x1D00, 0x1D00, 0x0400, 0x0400, 0x0400, 0x0400, 0x0400, 0x0400, 0x0400, 0x0400, 0x0400, 0x0400, 0x0400, 0x0400, 0x0400,
    0x0400, 0x0400, 0x0400, 0x0400, 0x0400, 0x0400, 0x0400, 0x0400, 0x0400, 0x1D00, 0x0400, 0x0400, 0x0400, 0x0400, 0x0400, 0x0400,
    0x0400, 0x1D00, 0x0400, 0x1D00, 0x1D00, 0x1D00, 0x0400, 0x0400, 0x0400, 0x0400, 0x1D00, 0x1D00, 0x0518, 0x0400, 0x0600, 0x0600,
    0x0600, 0x0518, 0x0518, 0x0518, 0x0518, 0x1D00, 0x1D00, 0x0600, 0x0600, 0x1D00, 0x1D00, 0x0600, 0x0600, 0x0518, 0x0400, 0x1D00,
    0x1D00, 0x1D00, 0x1D00, 0x1D00, 0x1D00, 0x1D00, 0x1D00, 0x0600, 0x1D00, 0x1D00, 0x1D00, 0x1D00, 0x0400, 0x0400, 0x1D00, 0x0400,
    0x0400, 0x0400, 0x0518, 0x0518, 0x1D00, 0x1D00, 0x0800, 0x0800, 0x0800, 0x0800, 0x0800, 0x0800, 0x0800, 0x0800, 0x0800, 0x0800,
    0x0400, 0x0400, 0x1306, 0x1306, 0x0A00, 0x0A00, 0x0A00, 0x0A00, 0x0A00, 0x0A00, 0x1500, 0x1306, 0x0400, 0x1100, 0x0518, 0x1D00,
    0x1D00, 0x0518, 0x0518, 0x0600, 0x1D00, 0x0400, 0x0400, 0x0400, 0x0400, 0x0400, 0x0400, 0x1D00, 0x1D00, 0x1D00, 0x1D00, 0x0400,
    0x0400, 0x1D00, 0x1D00, 0x0400, 0x0400, 0x0400, 0x0400, 0x0400, 0x0400, 0x0400, 0x0400, 0x0400, 0x0400, 0x0400, 0x0400, 0x0400,
    0x0400, 0x0400, 0x0400, 0x0400, 0x0400, 0x0400, 0x0400, 0x0400, 0x0400, 0x1D00, 0x0400, 0x0400, 0x0400, 0x0400, 0x0400, 0x0400,
    0x0400, 0x1D00, 0x0400, 0x0400, 0x1D00, 0x0400, 0x0400, 0x1D00, 0x0400, 0x0400, 0x1D00, 0x1D00, 0x0518, 0x1D00, 0x0600, 0x0600,
    0x0600, 0x0518, 0x0518, 0x1D00, 0x1D00, 0x1D00, 0x1D00, 0x0518, 0x0518, 0x1D00, 0x1D00, 0x0518, 0x0518, 0x0518, 0x1D00, 0x1D00,
    0x1D00, 0x0518, 0x1D00, 0x1D00, 0x1D00, 0x1D00, 0x1D00, 0x1D00, 0x1D00, 0x0400, 0x0400, 0x0400, 0x0400, 0x1D00, 0x0400, 0x1D00,
    0x1D00, 0x1D00, 0x1D00, 0x1D00, 0x1D00, 0x1D00, 0x0800, 0x0800, 0x0800, 0x0800, 0x0800, 0x0800, 0x0800, 0x0800, 0x0800, 0x0800,
    0x0518, 0x0518, 0x0400, 0x0400, 0x0400, 0x0518, 0x1100, 0x1D00, 0x1D00, 0x1D00, 0x1D00, 0x1D00, 0x1D00, 0x1D00, 0x1D00, 0x1D00,
    0x1D00, 0x0518, 0x0518, 0x0600, 0x1D00, 0x0400, 0x0400, 0x0400, 0x0400, 0x0400, 0x0400, 0x0400, 0x0400, 0x0400, 0x1D00, 0x0400,
    0x0400, 0x0400, 0x1D00, 0x0400, 0x0400, 0x0400, 0x0400, 0x0400, 0x0400, 0x0400, 0x0400, 0x0400, 0x0400, 0x0400, 0x0400, 0x0400,
    0x0400, 0x0400, 0x0400, 0x0400, 0x0400, 0x0400, 0x0400, 0x0400, 0x0400, 0x1D00, 0x0400, 0x0400, 0x0400, 0x0400, 0x0400, 0x0400,
    0x0400, 0x1D00, 0x0400, 0x0400, 0x1D00, 0x0400, 0x0400, 0x0400, 0x0400, 0x0400, 0x1D00, 0x1D00, 0x0518, 0x0400, 0x0600, 0x0600,
    0x0600, 0x0518, 0x0518, 0x0518, 0x0518, 0x0518, 0x1D00, 0x0518, 0x0518, 0x0600, 0x1D00, 0x0600, 0x0600, 0x0518, 0x1D00, 0x1D00,
    0x0400, 0x1D00, 0x1D00, 0x1D00, 0x1D00, 0x1D00, 0x1D00, 0x1D00, 0x1D00, 0x1D00, 0x1D00, 0x1D00, 0x1D00, 0x1D00, 0x1D00, 0x1D00,
    0x0400, 0x0400, 0x0518, 0x0518, 0x1D00, 0x1D00, 0x0800, 0x0800, 0x0800, 0x0800, 0x0800, 0x0800, 0x0800, 0x0800, 0x0800, 0x0800,
    0x1100, 0x1306, 0x1D00, 0x1D00, 0x1D00, 0x1D00, 0x1D00, 0x1D00, 0x1D00, 0x0400, 0x0518, 0x0518, 0x0518, 0x0518, 0x0518, 0x0518,
    0x1D00, 0x0518, 0x0600, 0x0600, 0x1D00, 0x0400, 0x0400, 0x0400, 0x0400, 0x0400, 0x0400, 0x0400, 0x0400, 0x1D00, 0x1D00, 0x0400,
    0x0400, 0x1D00, 0x1D00, 0x0400, 0x0400, 0x0400, 0x0400, 0x0400, 0x0400, 0x0400, 0x0400, 0x0400, 0x0400, 0x0400, 0x0400, 0x0400,
    0x0400, 0x0400, 0x0400, 0x0400, 0x0400, 0x0400, 0x0400, 0x0400, 0x0400, 0x1D00, 0x0400, 0x0400, 0x0400, 0x0400, 0x0400, 0x0400,
    0x0400, 0x1D00, 0x0400, 0x0400, 0x1D00, 0x0400, 0x0400, 0x0400, 0x0400, 0x0400, 0x1D00, 0x1D00, 0x0518, 0x0400, 0x0600, 0x0518,
    0x0600, 0x0518, 0x0518, 0x0518, 0x0518, 0x1D00, 0x1D00, 0x0600, 0x0600, 0x1D00, 0x1D00, 0x0600, 0x0600, 0x0518, 0x1D00, 0x1D00,
    0x1D00, 0x1D00, 0x1D00, 0x1D00, 0x1D00, 0x1D00, 0x0518, 0x0600, 0x1D00, 0x1D00, 0x1D00, 0x1D00, 0x0400, 0x0400, 0x1D00, 0x0400,
    0x0400, 0x0400, 0x0518, 0x0518, 0x1D00, 0x1D00, 0x0800, 0x0800, 0x0800, 0x0800, 0x0800, 0x0800, 0x0800, 0x0800, 0x0800, 0x0800,
    0x1500, 0x0400, 0x0A00, 0x0A00, 0x0A00, 0x0A00, 0x0A00, 0x0A00, 0x1D00, 0x1D00, 0x1D00, 0x1D00, 0x1D00, 0x1D00, 0x1D00, 0x1D00,
    0x1D00, 0x1D00, 0x0518, 0x0400, 0x1D00, 0x0400, 0x0400, 0x0400, 0x0400, 0x0400, 0x0400, 0x1D00, 0x1D00, 0x1D00, 0x0400, 0x0400,
    0x0400, 0x1D00, 0x0400, 0x0400, 0x0400, 0x0400, 0x1D00, 0x1D00, 0x1D00, 0x0400, 0x0400, 0x1D00, 0x0400, 0x1D00, 0x0400, 0x0400,
    0x1D00, 0x1D00, 0x1D00, 0x0400, 0x0400, 0x1D00, 0x1D00, 0x1D00, 0x0400, 0x0400, 0x0400, 0x1D00, 0x1D00, 0x1D00, 0x0400, 0x0400,
    0x0400, 0x0400, 0x0400, 0x0400, 0x0400, 0x0400, 0x0400, 0x0400, 0x0400, 0x0400, 0x1D00, 0x1D00, 0x1D00, 0x1D00, 0x0600, 0x0600,
    0x0518, 0x0600, 0x0600, 0x1D00, 0x1D00, 0x1D00, 0x0600, 0x0600, 0x0600, 0x1D00, 0x0600, 0x0600, 0x0600, 0x0518, 0x1D00, 0x1D00,
    0x0400, 0x1D00, 0x1D00, 0x1D00, 0x1D00, 0x1D00, 0x1D00, 0x0600, 0x1D00, 0x1D00, 0x1D00, 0x1D00, 0x1D00, 0x1D00, 0x1D00, 0x1D00,
    0x1D00, 0x1D00, 0x1D00, 0x1D00, 0x1D00, 0x1D00, 0x0800, 0x0800, 0x0800, 0x0800, 0x0800, 0x0800, 0x0800, 0x0800, 0x0800, 0x0800,
    0x0A00, 0x0A00, 0x0A00, 0x1509, 0x1509, 0x1509, 0x1509, 0x1509, 0x1509, 0x1306, 0x1509, 0x1D00, 0x1D00, 0x1D00, 0x1D00, 0x1D00,
    0x0518, 0x0600, 0x0600, 0x0600, 0x0518, 0x0400, 0x0400, 0x0400, 0x0400, 0x0400, 0x0400, 0x0400, 0x0400, 0x1D00, 0x0400, 0x0400,
    0x0400, 0x1D00, 0x0400, 0x0400, 0x0400, 0x0400, 0x0400, 0x0400, 0x0400, 0x0400, 0x0400, 0x0400, 0x0400, 0x0400, 0x0400, 0x0400,
    0x0400, 0x0400, 0x0400, 0x0400, 0x0400, 0x0400, 0x0400, 0x0400, 0x0400, 0x1D00, 0x0400, 0x0400, 0x0400, 0x0400, 0x0400, 0x0400,
    0x0400, 0x0400, 0x0400, 0x0400, 0x0400, 0x0400, 0x0400, 0x0400, 0x0400, 0x0400, 0x1D00, 0x1D00, 0x1D00, 0x0400, 0x0518, 0x0518,
    0x0518, 0x0600, 0x0600, 0x0600, 0x0600, 0x1D00, 0x0518, 0x0518, 0x0518, 0x1D00, 0x0518, 0x0518, 0x0518, 0x0518, 0x1D00, 0x1D00,
    0x1D00, 0x1D00, 0x1D00, 0x1D00, 0x1D00, 0x0518, 0x0518, 0x1D00, 0x0400, 0x0400, 0x0400, 0x1D00, 0x1D00, 0x1D00, 0x1D00, 0x1D00,
    0x0400, 0x0400, 0x0518, 0x0518, 0x1D00, 0x1D00, 0x0800, 0x0800, 0x0800, 0x0800, 0x0800, 0x0800, 0x0800, 0x0800, 0x0800, 0x0800,
    0x1D00, 0x1D00, 0x1D00, 0x1D00, 0x1D00, 0x1D00, 0x1D00, 0x1100, 0x0A09, 0x0A09, 0x0A09, 0x0A09, 0x0A09, 0x0A09, 0x0A09, 0x1500,
    0x0400, 0x0518, 0x0600, 0x0600, 0x1100, 0x0400, 0x0400, 0x0400, 0x0400, 0x0400, 0x0400, 0x0400, 0x0400, 0x1D00, 0x0400, 0x0400,
    0x0400, 0x1D00, 0x0400, 0x0400, 0x0400, 0x0400, 0x0400, 0x0400, 0x0400, 0x0400, 0x0400, 0x0400, 0x0400, 0x0400, 0x0400, 0x0400,
    0x0400, 0x0400, 0x0400, 0x0400, 0x0400, 0x0400, 0x0400, 0x0400, 0x0400, 0x1D00, 0x0400, 0x0400, 0x0400, 0x0400, 0x0400, 0x0400,
    0x0400, 0x0400, 0x0400, 0x0400, 0x1D00, 0x0400, 0x0400, 0x0400, 0x0400, 0x0400, 0x1D00, 0x1D00, 0x0518, 0x0400, 0x0600, 0x0510,
    0x0600, 0x0600, 0x0600, 0x0600, 0x0600, 0x1D00, 0x0510, 0x0600, 0x0600, 0x1D00, 0x0600, 0x0600, 0x0518, 0x0518, 0x1D00, 0x1D00,
    0x1D00, 0x1D00, 0x1D00, 0x1D00, 0x1D00, 0x0600, 0x0600, 0x1D00, 0x1D00, 0x1D00, 0x1D00, 0x1D00, 0x1D00, 0x1D00, 0x0400, 0x1D00,
    0x0400, 0x0400, 0x0518, 0x0518, 0x1D00, 0x1D00, 0x0800, 0x0800, 0x0800, 0x0800, 0x0800, 0x0800, 0x0800, 0x0800, 0x0800, 0x0800,
    0x1D00, 0x0400, 0x0400, 0x1D00, 0x1D00, 0x1D00, 0x1D00, 0x1D00, 0x1D00, 0x1D00, 0x1D00, 0x1D00, 0x1D00, 0x1D00, 0x1D00, 0x1D00,
    0x0518, 0x0518, 0x0600, 0x0600, 0x1D00, 0x0400, 0x0400, 0x0400, 0x0400, 0x0400, 0x0400, 0x0400, 0x0400, 0x1D00, 0x0400, 0x0400,
    0x0400, 0x1D00, 0x0400, 0x0400, 0x0400, 0x0400, 0x0400, 0x0400, 0x0400, 0x0400, 0x0400, 0x0400, 0x0400, 0x0400, 0x0400, 0x0400,
    0x0400, 0x0400, 0x0400, 0x0400, 0x0400, 0x0400, 0x0400, 0x0400, 0x0400, 0x0400, 0x0400, 0x0400, 0x0400, 0x0400, 0x0400, 0x0400,
    0x0400, 0x0400, 0x0400, 0x0400, 0x0400, 0x0400, 0x0400, 0x0400, 0x0400, 0x0400, 0x0400, 0x0518, 0x0518, 0x0400, 0x0600, 0x0600,
    0x0600, 0x0518, 0x0518, 0x0518, 0x0518, 0x1D00, 0x0600, 0x0600, 0x0600, 0x1D00, 0x0600, 0x0600, 0x0600, 0x0518, 0x0400, 0x1500,
    0x1D00, 0x1D00, 0x1D00, 0x1D00, 0x0400, 0x0400, 0x0400, 0x0600, 0x0A00, 0x0A00, 0x0A00, 0x0A00, 0x0A00, 0x0A00, 0x0A00, 0x0400,
    0x0400, 0x0400, 0x0518, 0x0518, 0x1D00, 0x1D00, 0x0800, 0x0800, 0x0800, 0x0800, 0x0800, 0x0800, 0x0800, 0x0800, 0x0800, 0x0800,
    0x0A00, 0x0A00, 0x0A00, 0x0A00, 0x0A00, 0x0A00, 0x0A00, 0x0A00, 0x0A00, 0x1500, 0x0400, 0x0400, 0x0400, 0x0400, 0x0400, 0x0400,
    0x1D00, 0x1D00, 0x0600, 0x0600, 0x1D00, 0x0400, 0x0400, 0x0400, 0x0400, 0x0400, 0x0400, 0x0400, 0x0400, 0x0400, 0x0400, 0x0400,
    0x0400, 0x0400, 0x0400, 0x0400, 0x0400, 0x0400, 0x0400, 0x1D00, 0x1D00, 0x1D00, 0x0400, 0x0400, 0x0400, 0x0400, 0x0400, 0x0400,
    0x0400, 0x0400, 0x0400, 0x0400, 0x0400, 0x0400, 0x0400, 0x0400, 0x0400, 0x0400, 0x0400, 0x0400, 0x0400, 0x0400, 0x0400, 0x0400,
    0x0400, 0x0400, 0x1D00, 0x0400, 0x0400, 0x0400, 0x0400, 0x0400, 0x0400, 0x0400, 0x0400, 0x0400, 0x1D00, 0x0400, 0x1D00, 0x1D00,
    0x0400, 0x0400, 0x0400, 0x0400, 0x0400, 0x0400, 0x0400, 0x1D00, 0x1D00, 0x1D00, 0x0518, 0x1D00, 0x1D00, 0x1D00, 0x1D00, 0x0600,
    0x0600, 0x0600, 0x0518, 0x0518, 0x0518, 0x1D00, 0x0518, 0x1D00, 0x0600, 0x0600, 0x0600, 0x0600, 0x0600, 0x0600, 0x0600, 0x0600,
    0x1D00, 0x1D00, 0x1D00, 0x1D00, 0x1D00, 0x1D00, 0x0800, 0x0800, 0x0800, 0x0800, 0x0800, 0x0800, 0x0800, 0x0800, 0x0800, 0x0800,
    0x1D00, 0x1D00, 0x0600, 0x0600, 0x1100, 0x1D00, 0x1D00, 0x1D00, 0x1D00, 0x1D00, 0x1D00, 0x1D00, 0x1D00, 0x1D00, 0x1D00, 0x1D00,
    0x1D00, 0x0400, 0x0400, 0x0400, 0x0400, 0x0400, 0x0400, 0x0400, 0x0400, 0x0400, 0x0400, 0x0400, 0x0400, 0x0400, 0x0400, 0x0400,
    0x0400, 0x0400, 0x0400, 0x0400, 0x0400, 0x0400, 0x0400, 0x0400, 0x0400, 0x0400, 0x0400, 0x0400, 0x0400, 0x0400, 0x0400, 0x0400,
    0x0400, 0x0400, 0x0400, 0x0400, 0x0400, 0x0400, 0x0400, 0x0400, 0x0400, 0x0400, 0x0400, 0x0400, 0x0400, 0x0400, 0x0400, 0x0400,
    0x0400, 0x0518, 0x0400, 0x0400, 0x0518, 0x0518, 0x0518, 0x0518, 0x0518, 0x0518, 0x0518, 0x1D00, 0x1D00, 0x1D00, 0x1D00, 0x1306,
    0x0400, 0x0400, 0x0400, 0x0400, 0x0400, 0x0400, 0x0300, 0x0518, 0x0518, 0x0518, 0x0518, 0x0518, 0x0518, 0x0518, 0x0518, 0x1100,
    0x0800, 0x0800, 0x0800, 0x0800, 0x0800, 0x0800, 0x0800, 0x0800, 0x0800, 0x0800, 0x5100, 0x5100, 0x1D00, 0x1D00, 0x1D00, 0x1D00,
    0x1D00, 0x1D00, 0x1D00, 0x1D00, 0x1D00, 0x1D00, 0x1D00, 0x1D00, 0x1D00, 0x1D00, 0x1D00, 0x1D00, 0x1D00, 0x1D00, 0x1D00, 0x1D00,
    0x1D00, 0x1D00, 0x1D00, 0x1D00, 0x1D00, 0x1D00, 0x1D00, 0x1D00, 0x1D00, 0x1D00, 0x1D00, 0x1D00, 0x1D00, 0x1D00, 0x1D00, 0x1D00,
    0x1D00, 0x0400, 0x0400, 0x1D00, 0x0400, 0x1D00, 0x0400, 0x0400, 0x0400, 0x0400, 0x0400, 0x1D00, 0x0400, 0x0400, 0x0400, 0x0400,
    0x0400, 0x0400, 0x0400, 0x0400, 0x0400, 0x0400, 0x0400, 0x0400, 0x0400, 0x0400, 0x0400, 0x0400, 0x0400, 0x0400, 0x0400, 0x0400,
    0x0400, 0x0400, 0x0400, 0x0400, 0x1D00, 0x0400, 0x1D00, 0x0400, 0x0400, 0x0400, 0x0400, 0x0400, 0x0400, 0x0400, 0x0400, 0x0400,
    0x0400, 0x0518, 0x0400, 0x0400, 0x0518, 0x0518, 0x0518, 0x0518, 0x0518, 0x0518, 0x0518, 0x0518, 0x0518, 0x0400, 0x1D00, 0x1D00,
    0x0400, 0x0400, 0x0400, 0x0400, 0x0400, 0x1D00, 0x0300, 0x1D00, 0x0518, 0x0518, 0x0518, 0x0518, 0x0518, 0x0518, 0x1D00, 0x1D00,
    0x0800, 0x0800, 0x0800, 0x0800, 0x0800, 0x0800, 0x0800, 0x0800, 0x0800, 0x0800, 0x1D00, 0x1D00, 0x0400, 0x0400, 0x0400, 0x0400,
    0x1D00, 0x1D00, 0x1D00, 0x1D00, 0x1D00, 0x1D00, 0x1D00, 0x1D00, 0x1D00, 0x1D00, 0x1D00, 0x1D00, 0x1D00, 0x1D00, 0x1D00, 0x1D00,
    0x1D00, 0x1D00, 0x1D00, 0x1D00, 0x1D00, 0x1D00, 0x1D00, 0x1D00, 0x1D00, 0x1D00, 0x1D00, 0x1D00, 0x1D00, 0x1D00, 0x1D00, 0x1D00,
    0x0400, 0x1500, 0x1500, 0x1500, 0x1100, 0x1100, 0x1100, 0x1100, 0x1100, 0x1100, 0x1100, 0x5100, 0x1100, 0x1100, 0x1100, 0x1100,
    0x1100, 0x1100, 0x1100, 0x1500, 0x1100, 0x1500, 0x1500, 0x1500, 0x0518, 0x0518, 0x1500, 0x1500, 0x1500, 0x1500, 0x1500, 0x1500,
    0x0800, 0x0800, 0x0800, 0x0800, 0x0800, 0x0800, 0x0800, 0x0800, 0x0800, 0x0800, 0x0A00, 0x0A00, 0x0A00, 0x0A00, 0x0A00, 0x0A00,
    0x0A00, 0x0A00, 0x0A00, 0x0A00, 0x5500, 0x0518, 0x1500, 0x0518, 0x1500, 0x0518, 0x0D69, 0x0E69, 0x0D69, 0x0E69, 0x0600, 0x0600,
    0x0400, 0x0400, 0x0400, 0x0400, 0x0400, 0x0400, 0x0400, 0x0400, 0x1D00, 0x0400, 0x0400, 0x0400, 0x0400, 0x0400, 0x0400, 0x0400,
    0x0400, 0x0400, 0x0400, 0x0400, 0x0400, 0x0400, 0x0400, 0x0400, 0x0400, 0x0400, 0x0400, 0x0400, 0x0400, 0x0400, 0x0400, 0x0400,
    0x0400, 0x0400, 0x0400, 0x0400, 0x0400, 0x0400, 0x0400, 0x0400, 0x0400, 0x0400, 0x0400, 0x0400, 0x0400, 0x1D00, 0x1D00, 0x1D00,
    0x1D00, 0x0518, 0x0518, 0x0518, 0x0518, 0x0518, 0x0518, 0x0518, 0x0518, 0x0518, 0x0518, 0x0518, 0x0518, 0x0518, 0x0518, 0x4600,
    0x0518, 0x0518, 0x0518, 0x0518, 0x0518, 0x5100, 0x0518, 0x0518, 0x0400, 0x0400, 0x0400, 0x0400, 0x0400, 0x0518, 0x0518, 0x0518,
    0x0518, 0x0518, 0x0518, 0x0518, 0x0518, 0x0518, 0x0518, 0x0518, 0x1D00, 0x0518, 0x0518, 0x0518, 0x0518, 0x0518, 0x0518, 0x0518,
    0x0518, 0x0518, 0x0518, 0x0518, 0x0518, 0x0518, 0x0518, 0x0518, 0x0518, 0x0518, 0x0518, 0x0518, 0x0518, 0x0518, 0x0518, 0x0518,
    0x0518, 0x0518, 0x0518, 0x0518, 0x0518, 0x0518, 0x0518, 0x0518, 0x0518, 0x0518, 0x0518, 0x0518, 0x0518, 0x1D00, 0x5500, 0x5500,
    0x1500, 0x1500, 0x1500, 0x1500, 0x1500, 0x1500, 0x0518, 0x1500, 0x1500, 0x1500, 0x1500, 0x1500, 0x1500, 0x1D00, 0x1500, 0x1500,
    0x1100, 0x1100, 0x5100, 0x1100, 0x1100, 0x1500, 0x1500, 0x1500, 0x1500, 0x1100, 0x1100, 0x1D00, 0x1D00, 0x1D00, 0x1D00, 0x1D00,
    0x1D00, 0x1D00, 0x1D00, 0x1D00, 0x1D00, 0x1D00, 0x1D00, 0x1D00, 0x1D00, 0x1D00, 0x1D00, 0x1D00, 0x1D00, 0x1D00, 0x1D00, 0x1D00,
    0x1D00, 0x1D00, 0x1D00, 0x1D00, 0x1D00, 0x1D00, 0x1D00, 0x1D00, 0x1D00, 0x1D00, 0x1D00, 0x1D00, 0x1D00, 0x1D00, 0x1D00, 0x1D00,
    0x0400, 0x0400, 0x0400, 0x0400, 0x0400, 0x0400, 0x0400, 0x0400, 0x0400, 0x0400, 0x0400, 0x0400, 0x0400, 0x0400, 0x0400, 0x0400,
    0x0400, 0x0400, 0x0400, 0x0400, 0x0400, 0x0400, 0x0400, 0x0400, 0x0400, 0x0400, 0x0400, 0x0400, 0x0400, 0x0400, 0x0400, 0x0400,
    0x0400, 0x0400, 0x0400, 0x0400, 0x0400, 0x0400, 0x0400, 0x0400, 0x0400, 0x0400, 0x0400, 0x0600, 0x0600, 0x0518, 0x0518, 0x0518,
    0x0518, 0x0600, 0x0518, 0x0518, 0x0518, 0x0518, 0x0518, 0x0518, 0x0600, 0x0518, 0x0518, 0x0600, 0x0600, 0x0518, 0x0518, 0x0400,
    0x0800, 0x0800, 0x0800, 0x0800, 0x0800, 0x0800, 0x0800, 0x0800, 0x0800, 0x0800, 0x5100, 0x5100, 0x1100, 0x1100, 0x1100, 0x1100,
    0x0400, 0x0400, 0x0400, 0x0400, 0x0400, 0x0400, 0x0600, 0x0600, 0x0518, 0x0518, 0x0400, 0x0400, 0x0400, 0x0400, 0x0518, 0x0518,
    0x0518, 0x0400, 0x0600, 0x0600, 0x0600, 0x0400, 0x0400, 0x0600, 0x0600, 0x0600, 0x0600, 0x0600, 0x0600, 0x0600, 0x0400, 0x0400,
    0x0400, 0x0518, 0x0518, 0x0518, 0x0518, 0x0400, 0x0400, 0x0400, 0x0400, 0x0400, 0x0400, 0x0400, 0x0400, 0x0400, 0x0400, 0x0400,
    0x0400, 0x0400, 0x0518, 0x0600, 0x0600, 0x0518, 0x0518, 0x0600, 0x0600, 0x0600, 0x0600, 0x0600, 0x0600, 0x0518, 0x0400, 0x0600,
    0x0800, 0x0800, 0x0800, 0x0800, 0x0800, 0x0800, 0x0800, 0x0800, 0x0800, 0x0800, 0x0600, 0x0600, 0x0600, 0x0518, 0x1500, 0x1500,
    0x0000, 0x0000, 0x0000, 0x0000, 0x0000, 0x0000, 0x0000, 0x0000, 0x0000, 0x0000, 0x0000, 0x0000, 0x0000, 0x0000, 0x0000, 0x0000,
    0x0000, 0x0000, 0x0000, 0x0000, 0x0000, 0x0000, 0x0000, 0x0000, 0x0000, 0x0000, 0x0000, 0x0000, 0x0000, 0x0000, 0x0000, 0x0000,
    0x0000, 0x0000, 0x0000, 0x0000, 0x0000, 0x0000, 0x1D00, 0x0000, 0x1D00, 0x1D00, 0x1D00, 0x1D00, 0x1D00, 0x0000, 0x1D00, 0x1D00,
    0x0100, 0x0100, 0x0100, 0x0100, 0x0100, 0x0100, 0x0100, 0x0100, 0x0100, 0x0100, 0x0100, 0x0100, 0x0100, 0x0100, 0x0100, 0x0100,
    0x0100, 0x0100, 0x0100, 0x0100, 0x0100, 0x0100, 0x0100, 0x0100, 0x0100, 0x0100, 0x0100, 0x0100, 0x0100, 0x0100, 0x0100, 0x0100,
    0x0100, 0x0100, 0x0100, 0x0100, 0x0100, 0x0100, 0x0100, 0x0100, 0x0100, 0x0100, 0x0100, 0x1100, 0x0300, 0x0100, 0x0100, 0x0100,
    0x0400, 0x0400, 0x0400, 0x0400, 0x0400, 0x0400, 0x0400, 0x0400, 0x0400, 0x0400, 0x0400, 0x0400, 0x0400, 0x0400, 0x0400, 0x0400,
    0x0400, 0x0400, 0x0400, 0x0400, 0x0400, 0x0400, 0x0400, 0x0400, 0x0400, 0x0400, 0x0400, 0x0400, 0x0400, 0x0400, 0x0400, 0x0400,
    0x0400, 0x0400, 0x0400, 0x0400, 0x0400, 0x0400, 0x0400, 0x0400, 0x0400, 0x0400, 0x0400, 0x0400, 0x0400, 0x0400, 0x0400, 0x0400,
    0x0400, 0x0400, 0x0400, 0x0400, 0x0400, 0x0400, 0x0400, 0x0400, 0x0400, 0x0400, 0x0400, 0x0400, 0x0400, 0x0400, 0x0400, 0x0400,
    0x0400, 0x0400, 0x0400, 0x0400, 0x0400, 0x0400, 0x0400, 0x0400, 0x0400, 0x0400, 0x0400, 0x0400, 0x0400, 0x0400, 0x0400, 0x0400,
    0x0400, 0x0400, 0x0400, 0x0400, 0x0400, 0x0400, 0x0400, 0x0400, 0x0400, 0x0400, 0x0400, 0x0400, 0x0400, 0x0400, 0x0400, 0x0400,
    0x0400, 0x0400, 0x0400, 0x0400, 0x0400, 0x0400, 0x0400, 0x0400, 0x0400, 0x0400, 0x0400, 0x0400, 0x0400, 0x0400, 0x0400, 0x0400,
    0x0400, 0x0400, 0x0400, 0x0400, 0x0400, 0x0400, 0x0400, 0x0400, 0x0400, 0x0400, 0x0400, 0x0400, 0x0400, 0x0400, 0x0400, 0x0400,
    0x0400, 0x0400, 0x0400, 0x0400, 0x0400, 0x0400, 0x0400, 0x0400, 0x0400, 0x0400, 0x0400, 0x0400, 0x0400, 0x0400, 0x0400, 0x0400,
    0x0400, 0x0400, 0x0400, 0x0400, 0x0400, 0x0400, 0x0400, 0x0400, 0x0400, 0x0400, 0x0400, 0x0400, 0x0400, 0x0400, 0x0400, 0x0400,
    0x0400, 0x0400, 0x0400, 0x0400, 0x0400, 0x0400, 0x0400, 0x0400, 0x0400, 0x0400, 0x0400, 0x0400, 0x0400, 0x0400, 0x0400, 0x0400,
    0x0400, 0x0400, 0x0400, 0x0400, 0x0400, 0x0400, 0x0400, 0x0400, 0x0400, 0x0400, 0x0400, 0x0400, 0x0400, 0x0400, 0x0400, 0x0400,
    0x0400, 0x0400, 0x0400, 0x0400, 0x0400, 0x0400, 0x0400, 0x0400, 0x0400, 0x0400, 0x0400, 0x0400, 0x0400, 0x0400, 0x0400, 0x0400,
    0x0400, 0x0400, 0x0400, 0x0400, 0x0400, 0x0400, 0x0400, 0x0400, 0x0400, 0x0400, 0x0400, 0x0400, 0x0400, 0x0400, 0x0400, 0x0400,
    0x0400, 0x0400, 0x0400, 0x0400, 0x0400, 0x0400, 0x0400, 0x0400, 0x0400, 0x0400, 0x0400, 0x0400, 0x0400, 0x0400, 0x0400, 0x0400,
    0x0400, 0x0400, 0x0400, 0x0400, 0x0400, 0x0400, 0x0400, 0x0400, 0x0400, 0x0400, 0x0400, 0x0400, 0x0400, 0x0400, 0x0400, 0x0400,
    0x0400, 0x0400, 0x0400, 0x0400, 0x0400, 0x0400, 0x0400, 0x0400, 0x0400, 0x0400, 0x0400, 0x0400, 0x0400, 0x0400, 0x0400, 0x0400,
    0x0400, 0x0400, 0x0400, 0x0400, 0x0400, 0x0400, 0x0400, 0x0400, 0x0400, 0x0400, 0x0400, 0x0400, 0x0400, 0x0400, 0x0400, 0x0400,
    0x0400, 0x0400, 0x0400, 0x0400, 0x0400, 0x0400, 0x0400, 0x0400, 0x0400, 0x0400, 0x0400, 0x0400, 0x0400, 0x0400, 0x0400, 0x0400,
    0x0400, 0x0400, 0x0400, 0x0400, 0x0400, 0x0400, 0x0400, 0x0400, 0x0400, 0x0400, 0x0400, 0x0400, 0x0400, 0x0400, 0x0400, 0x0400,
    0x0400, 0x0400, 0x0400, 0x0400, 0x0400, 0x0400, 0x0400, 0x0400, 0x0400, 0x1D00, 0x0400, 0x0400, 0x0400, 0x0400, 0x1D00, 0x1D00,
    0x0400, 0x0400, 0x0400, 0x0400, 0x0400, 0x0400, 0x0400, 0x1D00, 0x0400, 0x1D00, 0x0400, 0x0400, 0x0400, 0x0400, 0x1D00, 0x1D00,
    0x0400, 0x0400, 0x0400, 0x0400, 0x0400, 0x0400, 0x0400, 0x0400, 0x0400, 0x0400, 0x0400, 0x0400, 0x0400, 0x0400, 0x0400, 0x0400,
    0x0400, 0x0400, 0x0400, 0x0400, 0x0400, 0x0400, 0x0400, 0x0400, 0x0400, 0x0400, 0x0400, 0x0400, 0x0400, 0x0400, 0x0400, 0x0400,
    0x0400, 0x0400, 0x0400, 0x0400, 0x0400, 0x0400, 0x0400, 0x0400, 0x0400, 0x1D00, 0x0400, 0x0400, 0x0400, 0x0400, 0x1D00, 0x1D00,
    0x0400, 0x0400, 0x0400, 0x0400, 0x0400, 0x0400, 0x0400, 0x0400, 0x0400, 0x0400, 0x0400, 0x0400, 0x0400, 0x0400, 0x0400, 0x0400,
    0x0400, 0x0400, 0x0400, 0x0400, 0x0400, 0x0400, 0x0400, 0x0400, 0x0400, 0x0400, 0x0400, 0x0400, 0x0400, 0x0400, 0x0400, 0x0400,
    0x0400, 0x1D00, 0x0400, 0x0400, 0x0400, 0x0400, 0x1D00, 0x1D00, 0x0400, 0x0400, 0x0400, 0x0400, 0x0400, 0x0400, 0x0400, 0x1D00,
    0x0400, 0x1D00, 0x0400, 0x0400, 0x0400, 0x0400, 0x1D00, 0x1D00, 0x0400, 0x0400, 0x0400, 0x0400, 0x0400, 0x0400, 0x0400, 0x0400,
    0x0400, 0x0400, 0x0400, 0x0400, 0x0400, 0x0400, 0x0400, 0x1D00, 0x0400, 0x0400, 0x0400, 0x0400, 0x0400, 0x0400, 0x0400, 0x0400,
    0x0400, 0x0400, 0x0400, 0x0400, 0x0400, 0x0400, 0x0400, 0x0400, 0x0400, 0x0400, 0x0400, 0x0400, 0x0400, 0x0400, 0x0400, 0x0400,
    0x0400, 0x0400, 0x0400, 0x0400, 0x0400, 0x0400, 0x0400, 0x0400, 0x0400, 0x0400, 0x0400, 0x0400, 0x0400, 0x0400, 0x0400, 0x0400,
    0x0400, 0x0400, 0x0400, 0x0400, 0x0400, 0x0400, 0x0400, 0x0400, 0x0400, 0x0400, 0x0400, 0x0400, 0x0400, 0x0400, 0x0400, 0x0400,
    0x0400, 0x1D00, 0x0400, 0x0400, 0x0400, 0x0400, 0x1D00, 0x1D00, 0x0400, 0x0400, 0x0400, 0x0400, 0x0400, 0x0400, 0x0400, 0x0400,
    0x0400, 0x0400, 0x0400, 0x0400, 0x0400, 0x0400, 0x0400, 0x0400, 0x0400, 0x0400, 0x0400, 0x0400, 0x0400, 0x0400, 0x0400, 0x0400,
    0x0400, 0x0400, 0x0400, 0x0400, 0x0400, 0x0400, 0x0400, 0x0400, 0x0400, 0x0400, 0x0400, 0x0400, 0x0400, 0x0400, 0x0400, 0x0400,
    0x0400, 0x0400, 0x0400, 0x0400, 0x0400, 0x0400, 0x0400, 0x0400, 0x0400, 0x0400, 0x0400, 0x0400, 0x0400, 0x0400, 0x0400, 0x0400,
    0x0400, 0x0400, 0x0400, 0x0400, 0x0400, 0x0400, 0x0400, 0x0400, 0x0400, 0x0400, 0x0400, 0x1D00, 0x1D00, 0x0518, 0x0518, 0x0518,
    0x1100, 0x5100, 0x1100, 0x1100, 0x1100, 0x1100, 0x1100, 0x1100, 0x1100, 0x0A00, 0x0A00, 0x0A00, 0x0A00, 0x0A00, 0x0A00, 0x0A00,
    0x0A00, 0x0A00, 0x0A00, 0x0A00, 0x0A00, 0x0A00, 0x0A00, 0x0A00, 0x0A00, 0x0A00, 0x0A00, 0x0A00, 0x0A00, 0x1D00, 0x1D00, 0x1D00,
    0x0400, 0x0400, 0x0400, 0x0400, 0x0400, 0x0400, 0x0400, 0x0400, 0x0400, 0x0400, 0x0400, 0x0400, 0x0400, 0x0400, 0x0400, 0x0400,
    0x1509, 0x1509, 0x1509, 0x1509, 0x1509, 0x1509, 0x1509, 0x1509, 0x1509, 0x1509, 0x1D00, 0x1D00, 0x1D00, 0x1D00, 0x1D00, 0x1D00,
    0x0000, 0x0000, 0x0000, 0x0000, 0x0000, 0x0000, 0x0000, 0x0000, 0x0000, 0x0000, 0x0000, 0x0000, 0x0000, 0x0000, 0x0000, 0x0000,
    0x0000, 0x0000, 0x0000, 0x0000, 0x0000, 0x0000, 0x0000, 0x0000, 0x0000, 0x0000, 0x0000, 0x0000, 0x0000, 0x0000, 0x0000, 0x0000,
    0x0000, 0x0000, 0x0000, 0x0000, 0x0000, 0x0000, 0x0000, 0x0000, 0x0000, 0x0000, 0x0000, 0x0000, 0x0000, 0x0000, 0x0000, 0x0000,
    0x0000, 0x0000, 0x0000, 0x0000, 0x0000, 0x0000, 0x0000, 0x0000, 0x0000, 0x0000, 0x0000, 0x0000, 0x0000, 0x0000, 0x0000, 0x0000,
    0x0000, 0x0000, 0x0000, 0x0000, 0x0000, 0x0000, 0x0000, 0x0000, 0x0000, 0x0000, 0x0000, 0x0000, 0x0000, 0x0000, 0x0000, 0x0000,
    0x0000, 0x0000, 0x0000, 0x0000, 0x0000, 0x0000, 0x1D00, 0x1D00, 0x0100, 0x0100, 0x0100, 0x0100, 0x0100, 0x0100, 0x1D00, 0x1D00,
    0x4C09, 0x0400, 0x0400, 0x0400, 0x0400, 0x0400, 0x0400, 0x0400, 0x0400, 0x0400, 0x0400, 0x0400, 0x0400, 0x0400, 0x0400, 0x0400,
    0x0400, 0x0400, 0x0400, 0x0400, 0x0400, 0x0400, 0x0400, 0x0400, 0x0400, 0x0400, 0x0400, 0x0400, 0x0400, 0x0400, 0x0400, 0x0400,
    0x0400, 0x0400, 0x0400, 0x0400, 0x0400, 0x0400, 0x0400, 0x0400, 0x0400, 0x0400, 0x0400, 0x0400, 0x0400, 0x0400, 0x0400, 0x0400,
    0x0400, 0x0400, 0x0400, 0x0400, 0x0400, 0x0400, 0x0400, 0x0400, 0x0400, 0x0400, 0x0400, 0x0400, 0x0400, 0x0400, 0x0400, 0x0400,
    0x0400, 0x0400, 0x0400, 0x0400, 0x0400, 0x0400, 0x0400, 0x0400, 0x0400, 0x0400, 0x0400, 0x0400, 0x0400, 0x0400, 0x0400, 0x0400,
    0x0400, 0x0400, 0x0400, 0x0400, 0x0400, 0x0400, 0x0400, 0x0400, 0x0400, 0x0400, 0x0400, 0x0400, 0x0400, 0x0400, 0x0400, 0x0400,
    0x0400, 0x0400, 0x0400, 0x0400, 0x0400, 0x0400, 0x0400, 0x0400, 0x0400, 0x0400, 0x0400, 0x0400, 0x0400, 0x0400, 0x0400, 0x0400,
    0x0400, 0x0400, 0x0400, 0x0400, 0x0400, 0x0400, 0x0400, 0x0400, 0x0400, 0x0400, 0x0400, 0x0400, 0x0400, 0x0400, 0x0400, 0x0400,
    0x0400, 0x0400, 0x0400, 0x0400, 0x0400, 0x0400, 0x0400, 0x0400, 0x0400, 0x0400, 0x0400, 0x0400, 0x0400, 0x0400, 0x0400, 0x0400,
    0x0400, 0x0400, 0x0400, 0x0400, 0x0400, 0x0400, 0x0400, 0x0400, 0x0400, 0x0400, 0x0400, 0x0400, 0x0400, 0x0400, 0x0400, 0x0400,
    0x0400, 0x0400, 0x0400, 0x0400, 0x0400, 0x0400, 0x0400, 0x0400, 0x0400, 0x0400, 0x0400, 0x0400, 0x0400, 0x0400, 0x0400, 0x0400,
    0x0400, 0x0400, 0x0400, 0x0400, 0x0400, 0x0400, 0x0400, 0x0400, 0x0400, 0x0400, 0x0400, 0x0400, 0x0400, 0x0400, 0x0400, 0x0400,
    0x0400, 0x0400, 0x0400, 0x0400, 0x0400, 0x0400, 0x0400, 0x0400, 0x0400, 0x0400, 0x0400, 0x0400, 0x0400, 0x0400, 0x0400, 0x0400,
    0x0400, 0x0400, 0x0400, 0x0400, 0x0400, 0x0400, 0x0400, 0x0400, 0x0400, 0x0400, 0x0400, 0x0400, 0x0400, 0x0400, 0x0400, 0x0400,
    0x0400, 0x0400, 0x0400, 0x0400, 0x0400, 0x0400, 0x0400, 0x0400, 0x0400, 0x0400, 0x0400, 0x0400, 0x0400, 0x0400, 0x0400, 0x0400,
    0x0400, 0x0400, 0x0400, 0x0400, 0x0400, 0x0400, 0x0400, 0x0400, 0x0400, 0x0400, 0x0400, 0x0400, 0x0400, 0x0400, 0x0400, 0x0400,
    0x0400, 0x0400, 0x0400, 0x0400, 0x0400, 0x0400, 0x0400, 0x0400, 0x0400, 0x0400, 0x0400, 0x0400, 0x0400, 0x0400, 0x0400, 0x0400,
    0x0400, 0x0400, 0x0400, 0x0400, 0x0400, 0x0400, 0x0400, 0x0400, 0x0400, 0x0400, 0x0400, 0x0400, 0x0400, 0x0400, 0x0400, 0x0400,
    0x0400, 0x0400, 0x0400, 0x0400, 0x0400, 0x0400, 0x0400, 0x0400, 0x0400, 0x0400, 0x0400, 0x0400, 0x0400, 0x0400, 0x0400, 0x0400,
    0x0400, 0x0400, 0x0400, 0x0400, 0x0400, 0x0400, 0x0400, 0x0400, 0x0400, 0x0400, 0x0400, 0x0400, 0x0400, 0x0400, 0x0400, 0x0400,
    0x0400, 0x0400, 0x0400, 0x0400, 0x0400, 0x0400, 0x0400, 0x0400, 0x0400, 0x0400, 0x0400, 0x0400, 0x0400, 0x0400, 0x0400, 0x0400,
    0x0400, 0x0400, 0x0400, 0x0400, 0x0400, 0x0400, 0x0400, 0x0400, 0x0400, 0x0400, 0x0400, 0x0400, 0x0400, 0x0400, 0x0400, 0x0400,
    0x0400, 0x0400, 0x0400, 0x0400, 0x0400, 0x0400, 0x0400, 0x0400, 0x0400, 0x0400, 0x0400, 0x0400, 0x0400, 0x0400, 0x0400, 0x0400,
    0x0400, 0x0400, 0x0400, 0x0400, 0x0400, 0x0400, 0x0400, 0x0400, 0x0400, 0x0400, 0x0400, 0x0400, 0x0400, 0x0400, 0x0400, 0x0400,
    0x0400, 0x0400, 0x0400, 0x0400, 0x0400, 0x0400, 0x0400, 0x0400, 0x0400, 0x0400, 0x0400, 0x0400, 0x0400, 0x0400, 0x0400, 0x0400,
    0x0400, 0x0400, 0x0400, 0x0400, 0x0400, 0x0400, 0x0400, 0x0400, 0x0400, 0x0400, 0x0400, 0x0400, 0x0400, 0x0400, 0x0400, 0x0400,
    0x0400, 0x0400, 0x0400, 0x0400, 0x0400, 0x0400, 0x0400, 0x0400, 0x0400, 0x0400, 0x0400, 0x0400, 0x0400, 0x0400, 0x0400, 0x0400,
    0x0400, 0x0400, 0x0400, 0x0400, 0x0400, 0x0400, 0x0400, 0x0400, 0x0400, 0x0400, 0x0400, 0x0400, 0x0400, 0x0400, 0x0400, 0x0400,
    0x0400, 0x0400, 0x0400, 0x0400, 0x0400, 0x0400, 0x0400, 0x0400, 0x0400, 0x0400, 0x0400, 0x0400, 0x0400, 0x0400, 0x0400, 0x0400,
    0x0400, 0x0400, 0x0400, 0x0400, 0x0400, 0x0400, 0x0400, 0x0400, 0x0400, 0x0400, 0x0400, 0x0400, 0x0400, 0x0400, 0x0400, 0x0400,
    0x0400, 0x0400, 0x0400, 0x0400, 0x0400, 0x0400, 0x0400, 0x0400, 0x0400, 0x0400, 0x0400, 0x0400, 0x0400, 0x0400, 0x0400, 0x0400,
    0x0400, 0x0400, 0x0400, 0x0400, 0x0400, 0x0400, 0x0400, 0x0400, 0x0400, 0x0400, 0x0400, 0x0400, 0x0400, 0x0400, 0x0400, 0x0400,
    0x0400, 0x0400, 0x0400, 0x0400, 0x0400, 0x0400, 0x0400, 0x0400, 0x0400, 0x0400, 0x0400, 0x0400, 0x0400, 0x0400, 0x0400, 0x0400,
    0x0400, 0x0400, 0x0400, 0x0400, 0x0400, 0x0400, 0x0400, 0x0400, 0x0400, 0x0400, 0x0400, 0x0400, 0x0400, 0x0400, 0x0400, 0x0400,
    0x0400, 0x0400, 0x0400, 0x0400, 0x0400, 0x0400, 0x0400, 0x0400, 0x0400, 0x0400, 0x0400, 0x0400, 0x0400, 0x0400, 0x0400, 0x0400,
    0x0400, 0x0400, 0x0400, 0x0400, 0x0400, 0x0400, 0x0400, 0x0400, 0x0400, 0x0400, 0x0400, 0x0400, 0x0400, 0x0400, 0x0400, 0x0400,
    0x0400, 0x0400, 0x0400, 0x0400, 0x0400, 0x0400, 0x0400, 0x0400, 0x0400, 0x0400, 0x0400, 0x0400, 0x0400, 0x0400, 0x0400, 0x0400,
    0x0400, 0x0400, 0x0400, 0x0400, 0x0400, 0x0400, 0x0400, 0x0400, 0x0400, 0x0400, 0x0400, 0x0400, 0x0400, 0x0400, 0x0400, 0x0400,
    0x0400, 0x0400, 0x0400, 0x0400, 0x0400, 0x0400, 0x0400, 0x0400, 0x0400, 0x0400, 0x0400, 0x0400, 0x0400, 0x1500, 0x1100, 0x0400,
    0x0400, 0x0400, 0x0400, 0x0400, 0x0400, 0x0400, 0x0400, 0x0400, 0x0400, 0x0400, 0x0400, 0x0400, 0x0400, 0x0400, 0x0400, 0x0400,
    0x760A, 0x0400, 0x0400, 0x0400, 0x0400, 0x0400, 0x0400, 0x0400, 0x0400, 0x0400, 0x0400, 0x0400, 0x0400, 0x0400, 0x0400, 0x0400,
    0x0400, 0x0400, 0x0400, 0x0400, 0x0400, 0x0400, 0x0400, 0x0400, 0x0400, 0x0400, 0x0400, 0x0D69, 0x0E69, 0x1D00, 0x1D00, 0x1D00,
    0x0400, 0x0400, 0x0400, 0x0400, 0x0400, 0x0400, 0x0400, 0x0400, 0x0400, 0x0400, 0x0400, 0x0400, 0x0400, 0x0400, 0x0400, 0x0400,
    0x0400, 0x0400, 0x0400, 0x0400, 0x0400, 0x0400, 0x0400, 0x0400, 0x0400, 0x0400, 0x0400, 0x0400, 0x0400, 0x0400, 0x0400, 0x0400,
    0x0400, 0x0400, 0x0400, 0x0400, 0x0400, 0x0400, 0x0400, 0x0400, 0x0400, 0x0400, 0x0400, 0x0400, 0x0400, 0x0400, 0x0400, 0x0400,
    0x0400, 0x0400, 0x0400, 0x0400, 0x0400, 0x0400, 0x0400, 0x0400, 0x0400, 0x0400, 0x0400, 0x0400, 0x0400, 0x0400, 0x0400, 0x0400,
    0x0400, 0x0400, 0x0400, 0x0400, 0x0400, 0x0400, 0x0400, 0x0400, 0x0400, 0x0400, 0x0400, 0x5100, 0x5100, 0x5100, 0x0900, 0x0900,
    0x0900, 0x0400, 0x0400, 0x0400, 0x0400, 0x0400, 0x0400, 0x0400, 0x0400, 0x1D00, 0x1D00, 0x1D00, 0x1D00, 0x1D00, 0x1D00, 0x1D00,
    0x0400, 0x0400, 0x0400, 0x0400, 0x0400, 0x0400, 0x0400, 0x0400, 0x0400, 0x0400, 0x0400, 0x0400, 0x0400, 0x1D00, 0x0400, 0x0400,
    0x0400, 0x0400, 0x0518, 0x0518, 0x0518, 0x1D00, 0x1D00, 0x1D00, 0x1D00, 0x1D00, 0x1D00, 0x1D00, 0x1D00, 0x1D00, 0x1D00, 0x1D00,
    0x0400, 0x0400, 0x0400, 0x0400, 0x0400, 0x0400, 0x0400, 0x0400, 0x0400, 0x0400, 0x0400, 0x0400, 0x0400, 0x0400, 0x0400, 0x0400,
    0x0400, 0x0400, 0x0518, 0x0518, 0x0518, 0x5100, 0x5100, 0x1D00, 0x1D00, 0x1D00, 0x1D00, 0x1D00, 0x1D00, 0x1D00, 0x1D00, 0x1D00,
    0x0400, 0x0400, 0x0400, 0x0400, 0x0400, 0x0400, 0x0400, 0x0400, 0x0400, 0x0400, 0x0400, 0x0400, 0x0400, 0x0400, 0x0400, 0x0400,
    0x0400, 0x0400, 0x0518, 0x0518, 0x1D00, 0x1D00, 0x1D00, 0x1D00, 0x1D00, 0x1D00, 0x1D00, 0x1D00, 0x1D00, 0x1D00, 0x1D00, 0x1D00,
    0x0400, 0x0400, 0x0400, 0x0400, 0x0400, 0x0400, 0x0400, 0x0400, 0x0400, 0x0400, 0x0400, 0x0400, 0x0400, 0x1D00, 0x0400, 0x0400,
    0x0400, 0x1D00, 0x0518, 0x0518, 0x1D00, 0x1D00, 0x1D00, 0x1D00, 0x1D00, 0x1D00, 0x1D00, 0x1D00, 0x1D00, 0x1D00, 0x1D00, 0x1D00,
    0x0400, 0x0400, 0x0400, 0x0400, 0x0400, 0x0400, 0x0400, 0x0400, 0x0400, 0x0400, 0x0400, 0x0400, 0x0400, 0x0400, 0x0400, 0x0400,
    0x0400, 0x0400, 0x0400, 0x0400, 0x0400, 0x0400, 0x0400, 0x0400, 0x0400, 0x0400, 0x0400, 0x0400, 0x0400, 0x0400, 0x0400, 0x0400,
    0x0400, 0x0400, 0x0400, 0x0400, 0x0400, 0x0400, 0x0400, 0x0400, 0x0400, 0x0400, 0x0400, 0x0400, 0x0400, 0x0400, 0x0400, 0x0400,
    0x0400, 0x0400, 0x0400, 0x0400, 0x0518, 0x0518, 0x0600, 0x0518, 0x0518, 0x0518, 0x0518, 0x0518, 0x0518, 0x0518, 0x0600, 0x0600,
    0x0600, 0x0600, 0x0600, 0x0600, 0x0600, 0x0600, 0x0518, 0x0600, 0x0600, 0x0518, 0x0518, 0x0518, 0x0518, 0x0518, 0x0518, 0x0518,
    0x0518, 0x0518, 0x0518, 0x0518, 0x5100, 0x5100, 0x1100, 0x0300, 0x5100, 0x1100, 0x5100, 0x1306, 0x0400, 0x0518, 0x1D00, 0x1D00,
    0x0800, 0x0800, 0x0800, 0x0800, 0x0800, 0x0800, 0x0800, 0x0800, 0x0800, 0x0800, 0x1D00, 0x1D00, 0x1D00, 0x1D00, 0x1D00, 0x1D00,
    0x0A09, 0x0A09, 0x0A09, 0x0A09, 0x0A09, 0x0A09, 0x0A09, 0x0A09, 0x0A09, 0x0A09, 0x1D00, 0x1D00, 0x1D00, 0x1D00, 0x1D00, 0x1D00,
    0x1109, 0x1109, 0x1109, 0x1109, 0x5109, 0x5109, 0x0C09, 0x1109, 0x1109, 0x1109, 0x1109, 0x0518, 0x0518, 0x0518, 0x1A0B, 0x1D00,
    0x0800, 0x0800, 0x0800, 0x0800, 0x0800, 0x0800, 0x0800, 0x0800, 0x0800, 0x0800, 0x1D00, 0x1D00, 0x1D00, 0x1D00, 0x1D00, 0x1D00,
    0x0400, 0x0400, 0x0400, 0x0400, 0x0400, 0x0400, 0x0400, 0x0400, 0x0400, 0x0400, 0x0400, 0x0400, 0x0400, 0x0400, 0x0400, 0x0400,
    0x0400, 0x0400, 0x0400, 0x0400, 0x0400, 0x0400, 0x0400, 0x0400, 0x0400, 0x0400, 0x0400, 0x0400, 0x0400, 0x0400, 0x0400, 0x0400,
    0x0400, 0x0400, 0x0400, 0x0300, 0x0400, 0x0400, 0x0400, 0x0400, 0x0400, 0x0400, 0x0400, 0x0400, 0x0400, 0x0400, 0x0400, 0x0400,
    0x0400, 0x0400, 0x0400, 0x0400, 0x0400, 0x0400, 0x0400, 0x0400, 0x0400, 0x0400, 0x0400, 0x0400, 0x0400, 0x0400, 0x0400, 0x0400,
    0x0400, 0x0400, 0x0400, 0x0400, 0x0400, 0x0400, 0x0400, 0x0400, 0x0400, 0x0400, 0x0400, 0x0400, 0x0400, 0x0400, 0x0400, 0x0400,
    0x0400, 0x0400, 0x0400, 0x0400, 0x0400, 0x0400, 0x0400, 0x0400, 0x0400, 0x1D00, 0x1D00, 0x1D00, 0x1D00, 0x1D00, 0x1D00, 0x1D00,
    0x0400, 0x0400, 0x0400, 0x0400, 0x0400, 0x0518, 0x0518, 0x0400, 0x0400, 0x0400, 0x0400, 0x0400, 0x0400, 0x0400, 0x0400, 0x0400,
    0x0400, 0x0400, 0x0400, 0x0400, 0x0400, 0x0400, 0x0400, 0x0400, 0x0400, 0x0400, 0x0400, 0x0400, 0x0400, 0x0400, 0x0400, 0x0400,
    0x0400, 0x0400, 0x0400, 0x0400, 0x0400, 0x0400, 0x0400, 0x0400, 0x0400, 0x0518, 0x0400, 0x1D00, 0x1D00, 0x1D00, 0x1D00, 0x1D00,
    0x0400, 0x0400, 0x0400, 0x0400, 0x0400, 0x0400, 0x0400, 0x0400, 0x0400, 0x0400, 0x0400, 0x0400, 0x0400, 0x0400, 0x0400, 0x0400,
    0x0400, 0x0400, 0x0400, 0x0400, 0x0400, 0x0400, 0x0400, 0x0400, 0x0400, 0x0400, 0x0400, 0x0400, 0x0400, 0x0400, 0x0400, 0x0400,
    0x0400, 0x0400, 0x0400, 0x0400, 0x0400, 0x0400, 0x0400, 0x0400, 0x0400, 0x0400, 0x0400, 0x0400, 0x0400, 0x0400, 0x0400, 0x0400,
    0x0400, 0x0400, 0x0400, 0x0400, 0x0400, 0x0400, 0x0400, 0x0400, 0x0400, 0x0400, 0x0400, 0x0400, 0x0400, 0x0400, 0x0400, 0x0400,
    0x0400, 0x0400, 0x0400, 0x0400, 0x0400, 0x0400, 0x1D00, 0x1D00, 0x1D00, 0x1D00, 0x1D00, 0x1D00, 0x1D00, 0x1D00, 0x1D00, 0x1D00,
    0x0400, 0x0400, 0x0400, 0x0400, 0x0400, 0x0400, 0x0400, 0x0400, 0x0400, 0x0400, 0x0400, 0x0400, 0x0400, 0x0400, 0x0400, 0x0400,
    0x0400, 0x0400, 0x0400, 0x0400, 0x0400, 0x0400, 0x0400, 0x0400, 0x0400, 0x0400, 0x0400, 0x0400, 0x0400, 0x0400, 0x0400, 0x1D00,
    0x0518, 0x0518, 0x0518, 0x0600, 0x0600, 0x0600, 0x0600, 0x0518, 0x0518, 0x0600, 0x0600, 0x0600, 0x1D00, 0x1D00, 0x1D00, 0x1D00,
    0x0600, 0x0600, 0x0518, 0x0600, 0x0600, 0x0600, 0x0600, 0x0600, 0x0600, 0x0518, 0x0518, 0x0518, 0x1D00, 0x1D00, 0x1D00, 0x1D00,
    0x1509, 0x1D00, 0x1D00, 0x1D00, 0x1109, 0x1109, 0x0800, 0x0800, 0x0800, 0x0800, 0x0800, 0x0800, 0x0800, 0x0800, 0x0800, 0x0800,
    0x0400, 0x0400, 0x0400, 0x0400, 0x0400, 0x0400, 0x0400, 0x0400, 0x0400, 0x0400, 0x0400, 0x0400, 0x0400, 0x0400, 0x0400, 0x0400,
    0x0400, 0x0400, 0x0400, 0x0400, 0x0400, 0x0400, 0x0400, 0x0400, 0x0400, 0x0400, 0x0400, 0x0400, 0x0400, 0x0400, 0x1D00, 0x1D00,
    0x0400, 0x0400, 0x0400, 0x0400, 0x0400, 0x1D00, 0x1D00, 0x1D00, 0x1D00, 0x1D00, 0x1D00, 0x1D00, 0x1D00, 0x1D00, 0x1D00, 0x1D00,
    0x0400, 0x0400, 0x0400, 0x0400, 0x0400, 0x0400, 0x0400, 0x0400, 0x0400, 0x0400, 0x0400, 0x0400, 0x0400, 0x0400, 0x0400, 0x0400,
    0x0400, 0x0400, 0x0400, 0x0400, 0x0400, 0x0400, 0x0400, 0x0400, 0x0400, 0x0400, 0x0400, 0x0400, 0x0400, 0x0400, 0x0400, 0x0400,
    0x0400, 0x0400, 0x0400, 0x0400, 0x0400, 0x0400, 0x0400, 0x0400, 0x0400, 0x0400, 0x0400, 0x0400, 0x1D00, 0x1D00, 0x1D00, 0x1D00,
    0x0400, 0x0400, 0x0400, 0x0400, 0x0400, 0x0400, 0x0400, 0x0400, 0x0400, 0x0400, 0x0400, 0x0400, 0x0400, 0x0400, 0x0400, 0x0400,
    0x0400, 0x0400, 0x0400, 0x0400, 0x0400, 0x0400, 0x0400, 0x0400, 0x0400, 0x0400, 0x1D00, 0x1D00, 0x1D00, 0x1D00, 0x1D00, 0x1D00,
    0x0800, 0x0800, 0x0800, 0x0800, 0x0800, 0x0800, 0x0800, 0x0800, 0x0800, 0x0800, 0x0A00, 0x1D00, 0x1D00, 0x1D00, 0x1509, 0x1509,
    0x1509, 0x1509, 0x1509, 0x1509, 0x1509, 0x1509, 0x1509, 0x1509, 0x1509, 0x1509, 0x1509, 0x1509, 0x1509, 0x1509, 0x1509, 0x1509,
    0x1509, 0x1509, 0x1509, 0x1509, 0x1509, 0x1509, 0x1509, 0x1509, 0x1509, 0x1509, 0x1509, 0x1509, 0x1509, 0x1509, 0x1509, 0x1509,
    0x0400, 0x0400, 0x0400, 0x0400, 0x0400, 0x0400, 0x0400, 0x0400, 0x0400, 0x0400, 0x0400, 0x0400, 0x0400, 0x0400, 0x0400, 0x0400,
    0x0400, 0x0400, 0x0400, 0x0400, 0x0400, 0x0400, 0x0400, 0x0518, 0x0518, 0x0600, 0x0600, 0x0518, 0x1D00, 0x1D00, 0x1100, 0x1100,
    0x0400, 0x0400, 0x0400, 0x0400, 0x0400, 0x0400, 0x0400, 0x0400, 0x0400, 0x0400, 0x0400, 0x0400, 0x0400, 0x0400, 0x0400, 0x0400,
    0x0400, 0x0400, 0x0400, 0x0400, 0x0400, 0x0400, 0x0400, 0x0400, 0x0400, 0x0400, 0x0400, 0x0400, 0x0400, 0x0400, 0x0400, 0x0400,
    0x0400, 0x0400, 0x0400, 0x0400, 0x0400, 0x0400, 0x0400, 0x0400, 0x0400, 0x0400, 0x0400, 0x0400, 0x0400, 0x0400, 0x0400, 0x0400,
    0x0400, 0x0400, 0x0400, 0x0400, 0x0400, 0x0600, 0x0518, 0x0600, 0x0518, 0x0518, 0x0518, 0x0518, 0x0518, 0x0518, 0x0518, 0x1D00,
    0x0518, 0x0600, 0x0518, 0x0600, 0x0600, 0x0518, 0x0518, 0x0518, 0x0518, 0x0518, 0x0518, 0x0518, 0x0518, 0x0600, 0x0600, 0x0600,
    0x0600, 0x0600, 0x0600, 0x0518, 0x0518, 0x0518, 0x0518, 0x0518, 0x0518, 0x0518, 0x0518, 0x0518, 0x0518, 0x1D00, 0x1D00, 0x0518,
    0x0800, 0x0800, 0x0800, 0x0800, 0x0800, 0x0800, 0x0800, 0x0800, 0x0800, 0x0800, 0x1D00, 0x1D00, 0x1D00, 0x1D00, 0x1D00, 0x1D00,
    0x0800, 0x0800, 0x0800, 0x0800, 0x0800, 0x0800, 0x0800, 0x0800, 0x0800, 0x0800, 0x1D00, 0x1D00, 0x1D00, 0x1D00, 0x1D00, 0x1D00,
    0x1100, 0x1100, 0x1100, 0x1100, 0x1100, 0x1100, 0x1100, 0x0300, 0x1100, 0x1100, 0x1100, 0x1100, 0x1100, 0x1100, 0x1D00, 0x1D00,
    0x0518, 0x0518, 0x0518, 0x0518, 0x0518, 0x0518, 0x0518, 0x0518, 0x0518, 0x0518, 0x0518, 0x0518, 0x0518, 0x0518, 0x0718, 0x1D00,
    0x1D00, 0x1D00, 0x1D00, 0x1D00, 0x1D00, 0x1D00, 0x1D00, 0x1D00, 0x1D00, 0x1D00, 0x1D00, 0x1D00, 0x1D00, 0x1D00, 0x1D00, 0x1D00,
    0x1D00, 0x1D00, 0x1D00, 0x1D00, 0x1D00, 0x1D00, 0x1D00, 0x1D00, 0x1D00, 0x1D00, 0x1D00, 0x1D00, 0x1D00, 0x1D00, 0x1D00, 0x1D00,
    0x1D00, 0x1D00, 0x1D00, 0x1D00, 0x1D00, 0x1D00, 0x1D00, 0x1D00, 0x1D00, 0x1D00, 0x1D00, 0x1D00, 0x1D00, 0x1D00, 0x1D00, 0x1D00,
    0x1D00, 0x1D00, 0x1D00, 0x1D00, 0x1D00, 0x1D00, 0x1D00, 0x1D00, 0x1D00, 0x1D00, 0x1D00, 0x1D00, 0x1D00, 0x1D00, 0x1D00, 0x1D00,
    0x0518, 0x0518, 0x0518, 0x0518, 0x0600, 0x0400, 0x0400, 0x0400, 0x0400, 0x0400, 0x0400, 0x0400, 0x0400, 0x0400, 0x0400, 0x0400,
    0x0400, 0x0400, 0x0400, 0x0400, 0x0400, 0x0400, 0x0400, 0x0400, 0x0400, 0x0400, 0x0400, 0x0400, 0x0400, 0x0400, 0x0400, 0x0400,
    0x0400, 0x0400, 0x0400, 0x0400, 0x0400, 0x0400, 0x0400, 0x0400, 0x0400, 0x0400, 0x0400, 0x0400, 0x0400, 0x0400, 0x0400, 0x0400,
    0x0400, 0x0400, 0x0400, 0x0400, 0x0518, 0x0600, 0x0518, 0x0518, 0x0518, 0x0518, 0x0518, 0x0600, 0x0518, 0x0600, 0x0600, 0x0600,
    0x0600, 0x0600, 0x0518, 0x0600, 0x0600, 0x0400, 0x0400, 0x0400, 0x0400, 0x0400, 0x0400, 0x0400, 0x1D00, 0x1D00, 0x1D00, 0x1D00,
    0x0800, 0x0800, 0x0800, 0x0800, 0x0800, 0x0800, 0x0800, 0x0800, 0x0800, 0x0800, 0x5100, 0x5100, 0x1100, 0x5100, 0x5100, 0x5100,
    0x5100, 0x1500, 0x1500, 0x1500, 0x1500, 0x1500, 0x1500, 0x1500, 0x1500, 0x1500, 0x1500, 0x0518, 0x0518, 0x0518, 0x0518, 0x0518,
    0x0518, 0x0518, 0x0518, 0x0518, 0x1500, 0x1500, 0x1500, 0x1500, 0x1500, 0x1500, 0x1500, 0x1500, 0x1500, 0x1D00, 0x1D00, 0x1D00,
    0x0518, 0x0518, 0x0600, 0x0400, 0x0400, 0x0400, 0x0400, 0x0400, 0x0400, 0x0400, 0x0400, 0x0400, 0x0400, 0x0400, 0x0400, 0x0400,
    0x0400, 0x0400, 0x0400, 0x0400, 0x0400, 0x0400, 0x0400, 0x0400, 0x0400, 0x0400, 0x0400, 0x0400, 0x0400, 0x0400, 0x0400, 0x0400,
    0x0400, 0x0600, 0x0518, 0x0518, 0x0518, 0x0518, 0x0600, 0x0600, 0x0518, 0x0518, 0x0600, 0x0518, 0x0518, 0x0518, 0x0400, 0x0400,
    0x0800, 0x0800, 0x0800, 0x0800, 0x0800, 0x0800, 0x0800, 0x0800, 0x0800, 0x0800, 0x0400, 0x0400, 0x0400, 0x0400, 0x0400, 0x0400,
    0x0400, 0x0400, 0x0400, 0x0400, 0x0400, 0x0400, 0x0400, 0x0400, 0x0400, 0x0400, 0x0400, 0x0400, 0x0400, 0x0400, 0x0400, 0x0400,
    0x0400, 0x0400, 0x0400, 0x0400, 0x0400, 0x0400, 0x0400, 0x0400, 0x0400, 0x0400, 0x0400, 0x0400, 0x0400, 0x0400, 0x0400, 0x0400,
    0x0400, 0x0400, 0x0400, 0x0400, 0x0400, 0x0400, 0x0518, 0x0600, 0x0518, 0x0518, 0x0600, 0x0600, 0x0600, 0x0518, 0x0600, 0x0518,
    0x0518, 0x0518, 0x0600, 0x0600, 0x1D00, 0x1D00, 0x1D00, 0x1D00, 0x1D00, 0x1D00, 0x1D00, 0x1D00, 0x1100, 0x1100, 0x1100, 0x1100,
    0x0400, 0x0400, 0x0400, 0x0400, 0x0400, 0x0400, 0x0400, 0x0400, 0x0400, 0x0400, 0x0400, 0x0400, 0x0400, 0x0400, 0x0400, 0x0400,
    0x0400, 0x0400, 0x0400, 0x0400, 0x0400, 0x0400, 0x0400, 0x0400, 0x0400, 0x0400, 0x0400, 0x0400, 0x0400, 0x0400, 0x0400, 0x0400,
    0x0400, 0x0400, 0x0400, 0x0400, 0x0600, 0x0600, 0x0600, 0x0600, 0x0600, 0x0600, 0x0600, 0x0600, 0x0518, 0x0518, 0x0518, 0x0518,
    0x0518, 0x0518, 0x0518, 0x0518, 0x0600, 0x0600, 0x0518, 0x0518, 0x1D00, 0x1D00, 0x1D00, 0x5100, 0x5100, 0x5100, 0x5100, 0x5100,
    0x0800, 0x0800, 0x0800, 0x0800, 0x0800, 0x0800, 0x0800, 0x0800, 0x0800, 0x0800, 0x1D00, 0x1D00, 0x1D00, 0x0400, 0x0400, 0x0400,
    0x0800, 0x0800, 0x0800, 0x0800, 0x0800, 0x0800, 0x0800, 0x0800, 0x0800, 0x0800, 0x0400, 0x0400, 0x0400, 0x0400, 0x0400, 0x0400,
    0x0400, 0x0400, 0x0400, 0x0400, 0x0400, 0x0400, 0x0400, 0x0400, 0x0400, 0x0400, 0x0400, 0x0400, 0x0400, 0x0400, 0x0400, 0x0400,
    0x0400, 0x0400, 0x0400, 0x0400, 0x0400, 0x0400, 0x0400, 0x0400, 0x0300, 0x0300, 0x0300, 0x0300, 0x0300, 0x0300, 0x5100, 0x5100,
    0x0100, 0x0100, 0x0100, 0x0100, 0x0100, 0x0100, 0x0100, 0x0100, 0x0100, 0x1D00, 0x1D00, 0x1D00, 0x1D00, 0x1D00, 0x1D00, 0x1D00,
    0x0000, 0x0000, 0x0000, 0x0000, 0x0000, 0x0000, 0x0000, 0x0000, 0x0000, 0x0000, 0x0000, 0x0000, 0x0000, 0x0000, 0x0000, 0x0000,
    0x0000, 0x0000, 0x0000, 0x0000, 0x0000, 0x0000, 0x0000, 0x0000, 0x0000, 0x0000, 0x0000, 0x0000, 0x0000, 0x0000, 0x0000, 0x0000,
    0x0000, 0x0000, 0x0000, 0x0000, 0x0000, 0x0000, 0x0000, 0x0000, 0x0000, 0x0000, 0x0000, 0x1D00, 0x1D00, 0x0000, 0x0000, 0x0000,
    0x1100, 0x1100, 0x1100, 0x1100, 0x1100, 0x1100, 0x1100, 0x1100, 0x1D00, 0x1D00, 0x1D00, 0x1D00, 0x1D00, 0x1D00, 0x1D00, 0x1D00,
    0x0518, 0x0518, 0x0518, 0x1100, 0x0518, 0x0518, 0x0518, 0x0518, 0x0518, 0x0518, 0x0518, 0x0518, 0x0518, 0x0518, 0x0518, 0x0518,
    0x0518, 0x0600, 0x0518, 0x0518, 0x0518, 0x0518, 0x0518, 0x0518, 0x0518, 0x0400, 0x0400, 0x0400, 0x0400, 0x0518, 0x0400, 0x0400,
    0x0400, 0x0400, 0x0400, 0x0400, 0x0518, 0x0400, 0x0400, 0x0600, 0x0518, 0x0518, 0x0400, 0x1D00, 0x1D00, 0x1D00, 0x1D00, 0x1D00,
    0x0100, 0x0100, 0x0100, 0x0100, 0x0100, 0x0100, 0x0100, 0x0100, 0x0100, 0x0100, 0x0100, 0x0100, 0x0100, 0x0100, 0x0100, 0x0100,
    0x0100, 0x0100, 0x0100, 0x0100, 0x0100, 0x0100, 0x0100, 0x0100, 0x0100, 0x0100, 0x0100, 0x0100, 0x0100, 0x0100, 0x0100, 0x0100,
    0x0100, 0x0100, 0x0100, 0x0100, 0x0100, 0x0100, 0x0100, 0x0100, 0x0100, 0x0100, 0x0100, 0x0100, 0x0300, 0x0300, 0x0300, 0x0300,
    0x0300, 0x0300, 0x0300, 0x0300, 0x0300, 0x0300, 0x0300, 0x0300, 0x0300, 0x0300, 0x0300, 0x0300, 0x0300, 0x0300, 0x0300, 0x0300,
    0x0300, 0x0300, 0x0300, 0x0300, 0x0300, 0x0300, 0x0300, 0x0300, 0x0300, 0x0300, 0x0300, 0x0300, 0x0300, 0x0300, 0x0300, 0x0300,
    0x0300, 0x0300, 0x0300, 0x0300, 0x0300, 0x0300, 0x0300, 0x0300, 0x0300, 0x0300, 0x0300, 0x0300, 0x0300, 0x0300, 0x0300, 0x0300,
    0x0300, 0x0300, 0x0300, 0x0300, 0x0300, 0x0300, 0x0300, 0x0300, 0x0300, 0x0300, 0x0300, 0x0100, 0x0100, 0x0100, 0x0100, 0x0100,
    0x0100, 0x0100, 0x0100, 0x0100, 0x0100, 0x0100, 0x0100, 0x0100, 0x0300, 0x0100, 0x0100, 0x0100, 0x0100, 0x0100, 0x0100, 0x0100,
    0x0100, 0x0100, 0x0100, 0x0100, 0x0100, 0x0100, 0x0100, 0x0100, 0x0100, 0x0100, 0x0100, 0x0100, 0x0100, 0x0100, 0x0100, 0x0100,
    0x0100, 0x0100, 0x0100, 0x0100, 0x0100, 0x0100, 0x0100, 0x0100, 0x0100, 0x0100, 0x0100, 0x0300, 0x0300, 0x0300, 0x0300, 0x0300,
    0x0300, 0x0300, 0x0300, 0x0300, 0x0300, 0x0300, 0x0300, 0x0300, 0x0300, 0x0300, 0x0300, 0x0300, 0x0300, 0x0300, 0x0300, 0x0300,
    0x0300, 0x0300, 0x0300, 0x0300, 0x0300, 0x0300, 0x0300, 0x0300, 0x0300, 0x0300, 0x0300, 0x0300, 0x0300, 0x0300, 0x0300, 0x0300,
    0x0518, 0x0518, 0x0518, 0x0518, 0x0518, 0x0518, 0x0518, 0x0518, 0x0518, 0x0518, 0x0518, 0x0518, 0x0518, 0x0518, 0x0518, 0x0518,
    0x0518, 0x0518, 0x0518, 0x0518, 0x0518, 0x0518, 0x0518, 0x0518, 0x0518, 0x0518, 0x0518, 0x0518, 0x0518, 0x0518, 0x0518, 0x0518,
    0x0518, 0x0518, 0x0518, 0x0518, 0x0518, 0x0518, 0x0518, 0x0518, 0x0518, 0x0518, 0x0518, 0x0518, 0x0518, 0x0518, 0x0518, 0x0518,
    0x0518, 0x0518, 0x0518, 0x0518, 0x0518, 0x0518, 0x0518, 0x0518, 0x0518, 0x0518, 0x1D00, 0x0518, 0x0518, 0x0518, 0x0518, 0x0518,
    0x0000, 0x0100, 0x0000, 0x0100, 0x0000, 0x0100, 0x0000, 0x0100, 0x0000, 0x0100, 0x0000, 0x0100, 0x0000, 0x0100, 0x0000, 0x0100,
    0x0000, 0x0100, 0x0000, 0x0100, 0x0000, 0x0100, 0x0000, 0x0100, 0x0000, 0x0100, 0x0000, 0x0100, 0x0000, 0x0100, 0x0000, 0x0100,
    0x0000, 0x0100, 0x0000, 0x0100, 0x0000, 0x0100, 0x0000, 0x0100, 0x0000, 0x0100, 0x0000, 0x0100, 0x0000, 0x0100, 0x0000, 0x0100,
    0x0000, 0x0100, 0x0000, 0x0100, 0x0000, 0x0100, 0x0000, 0x0100, 0x0000, 0x0100, 0x0000, 0x0100, 0x0000, 0x0100, 0x0000, 0x0100,
    0x0000, 0x0100, 0x0000, 0x0100, 0x0000, 0x0100, 0x0000, 0x0100, 0x0000, 0x0100, 0x0000, 0x0100, 0x0000, 0x0100, 0x0000, 0x0100,
    0x0000, 0x0100, 0x0000, 0x0100, 0x0000, 0x0100, 0x0000, 0x0100, 0x0000, 0x0100, 0x0000, 0x0100, 0x0000, 0x0100, 0x0000, 0x0100,
    0x0000, 0x0100, 0x0000, 0x0100, 0x0000, 0x0100, 0x0000, 0x0100, 0x0000, 0x0100, 0x0000, 0x0100, 0x0000, 0x0100, 0x0000, 0x0100,
    0x0000, 0x0100, 0x0000, 0x0100, 0x0000, 0x0100, 0x0000, 0x0100, 0x0000, 0x0100, 0x0000, 0x0100, 0x0000, 0x0100, 0x0000, 0x0100,
    0x0000, 0x0100, 0x0000, 0x0100, 0x0000, 0x0100, 0x0000, 0x0100, 0x0000, 0x0100, 0x0000, 0x0100, 0x0000, 0x0100, 0x0000, 0x0100,
    0x0000, 0x0100, 0x0000, 0x0100, 0x0000, 0x0100, 0x0100, 0x0100, 0x0100, 0x0100, 0x0100, 0x0100, 0x0100, 0x0100, 0x0000, 0x0100,
    0x0000, 0x0100, 0x0000, 0x0100, 0x0000, 0x0100, 0x0000, 0x0100, 0x0000, 0x0100, 0x0000, 0x0100, 0x0000, 0x0100, 0x0000, 0x0100,
    0x0000, 0x0100, 0x0000, 0x0100, 0x0000, 0x0100, 0x0000, 0x0100, 0x0000, 0x0100, 0x0000, 0x0100, 0x0000, 0x0100, 0x0000, 0x0100,
    0x0000, 0x0100, 0x0000, 0x0100, 0x0000, 0x0100, 0x0000, 0x0100, 0x0000, 0x0100, 0x0000, 0x0100, 0x0000, 0x0100, 0x0000, 0x0100,
    0x0000, 0x0100, 0x0000, 0x0100, 0x0000, 0x0100, 0x0000, 0x0100, 0x0000, 0x0100, 0x0000, 0x0100, 0x0000, 0x0100, 0x0000, 0x0100,
    0x0000, 0x0100, 0x0000, 0x0100, 0x0000, 0x0100, 0x0000, 0x0100, 0x0000, 0x0100, 0x0000, 0x0100, 0x0000, 0x0100, 0x0000, 0x0100,
    0x0000, 0x0100, 0x0000, 0x0100, 0x0000, 0x0100, 0x0000, 0x0100, 0x0000, 0x0100, 0x0000, 0x0100, 0x0000, 0x0100, 0x0000, 0x0100,
    0x0100, 0x0100, 0x0100, 0x0100, 0x0100, 0x0100, 0x0100, 0x0100, 0x0000, 0x0000, 0x0000, 0x0000, 0x0000, 0x0000, 0x0000, 0x0000,
    0x0100, 0x0100, 0x0100, 0x0100, 0x0100, 0x0100, 0x1D00, 0x1D00, 0x0000, 0x0000, 0x0000, 0x0000, 0x0000, 0x0000, 0x1D00, 0x1D00,
    0x0100, 0x0100, 0x0100, 0x0100, 0x0100, 0x0100, 0x0100, 0x0100, 0x0000, 0x0000, 0x0000, 0x0000, 0x0000, 0x0000, 0x0000, 0x0000,
    0x0100, 0x0100, 0x0100, 0x0100, 0x0100, 0x0100, 0x0100, 0x0100, 0x0000, 0x0000, 0x0000, 0x0000, 0x0000, 0x0000, 0x0000, 0x0000,
    0x0100, 0x0100, 0x0100, 0x0100, 0x0100, 0x0100, 0x1D00, 0x1D00, 0x0000, 0x0000, 0x0000, 0x0000, 0x0000, 0x0000, 0x1D00, 0x1D00,
    0x0100, 0x0100, 0x0100, 0x0100, 0x0100, 0x0100, 0x0100, 0x0100, 0x1D00, 0x0000, 0x1D00, 0x0000, 0x1D00, 0x0000, 0x1D00, 0x0000,
    0x0100, 0x0100, 0x0100, 0x0100, 0x0100, 0x0100, 0x0100, 0x0100, 0x0000, 0x0000, 0x0000, 0x0000, 0x0000, 0x0000, 0x0000, 0x0000,
    0x0100, 0x0100, 0x0100, 0x0100, 0x0100, 0x0100, 0x0100, 0x0100, 0x0100, 0x0100, 0x0100, 0x0100, 0x0100, 0x0100, 0x1D00, 0x1D00,
    0x0100, 0x0100, 0x0100, 0x0100, 0x0100, 0x0100, 0x0100, 0x0100, 0x0200, 0x0200, 0x0200, 0x0200, 0x0200, 0x0200, 0x0200, 0x0200,
    0x0100, 0x0100, 0x0100, 0x0100, 0x0100, 0x0100, 0x0100, 0x0100, 0x0200, 0x0200, 0x0200, 0x0200, 0x0200, 0x0200, 0x0200, 0x0200,
    0x0100, 0x0100, 0x0100, 0x0100, 0x0100, 0x0100, 0x0100, 0x0100, 0x0200, 0x0200, 0x0200, 0x0200, 0x0200, 0x0200, 0x0200, 0x0200,
    0x0100, 0x0100, 0x0100, 0x0100, 0x0100, 0x1D00, 0x0100, 0x0100, 0x0000, 0x0000, 0x0000, 0x0000, 0x0200, 0x1409, 0x0100, 0x1409,
    0x1409, 0x1409, 0x0100, 0x0100, 0x0100, 0x1D00, 0x0100, 0x0100, 0x0000, 0x0000, 0x0000, 0x0000, 0x0200, 0x1409, 0x1409, 0x1409,
    0x0100, 0x0100, 0x0100, 0x0100, 0x1D00, 0x1D00, 0x0100, 0x0100, 0x0000, 0x0000, 0x0000, 0x0000, 0x1D00, 0x1409, 0x1409, 0x1409,
    0x0100, 0x0100, 0x0100, 0x0100, 0x0100, 0x0100, 0x0100, 0x0100, 0x0000, 0x0000, 0x0000, 0x0000, 0x0000, 0x1409, 0x1409, 0x1409,
    0x1D00, 0x1D00, 0x0100, 0x0100, 0x0100, 0x1D00, 0x0100, 0x0100, 0x0000, 0x0000, 0x0000, 0x0000, 0x0200, 0x1409, 0x1409, 0x1D00,
    0x760A, 0x760A, 0x760A, 0x760A, 0x760A, 0x760A, 0x760A, 0x360A, 0x760A, 0x760A, 0x760A, 0x1A0B, 0x1A0B, 0x1A0B, 0x1A00, 0x1A01,
    0x4C09, 0x0C09, 0x4C09, 0x4C09, 0x0C09, 0x4C09, 0x5109, 0x1109, 0x0F09, 0x1009, 0x0D09, 0x0F09, 0x0F09, 0x1009, 0x0D09, 0x0F09,
    0x5109, 0x5109, 0x1109, 0x1109, 0x1109, 0x1109, 0x1109, 0x5109, 0x370A, 0x380C, 0x1A0B, 0x1A0B, 0x1A0B, 0x1A0B, 0x1A0B, 0x3607,
    0x1106, 0x1106, 0x1106, 0x1106, 0x1106, 0x1109, 0x1109, 0x1109, 0x1109, 0x0F69, 0x1069, 0x5109, 0x1109, 0x1109, 0x1109, 0x0B09,
    0x0B09, 0x1109, 0x1109, 0x1109, 0x1207, 0x0D69, 0x0E69, 0x1109, 0x1109, 0x1109, 0x1109, 0x1109, 0x1109, 0x1109, 0x1109, 0x1109,
    0x1109, 0x1109, 0x1209, 0x1109, 0x0B09, 0x1109, 0x5109, 0x1109, 0x5109, 0x5109, 0x5109, 0x5109, 0x1109, 0x5109, 0x5109, 0x760A,
    0x1A0B, 0x1A0B, 0x1A0B, 0x1A0B, 0x1A0B, 0x1D00, 0x1A0B, 0x1A0B, 0x1A0B, 0x1A0B, 0x1A0B, 0x1A0B, 0x1A0B, 0x1A0B, 0x1A0B, 0x1A0B,
    0x0A03, 0x0300, 0x1D00, 0x1D00, 0x4A03, 0x0A03, 0x0A03, 0x0A03, 0x0A03, 0x0A03, 0x1205, 0x1205, 0x1209, 0x0D69, 0x0E69, 0x4300,
    0x0A03, 0x4A03, 0x4A03, 0x4A03, 0x4A03, 0x0A03, 0x0A03, 0x0A03, 0x0A03, 0x0A03, 0x1205, 0x1205, 0x1209, 0x0D69, 0x0E69, 0x1D00,
    0x0300, 0x0300, 0x0300, 0x0300, 0x0300, 0x0300, 0x0300, 0x0300, 0x0300, 0x0300, 0x0300, 0x0300, 0x0300, 0x1D00, 0x1D00, 0x1D00,
    0x1306, 0x1306, 0x1306, 0x1306, 0x1306, 0x1306, 0x1306, 0x1306, 0x1306, 0x1306, 0x1306, 0x1306, 0x1306, 0x1306, 0x1306, 0x1306,
    0x1306, 0x1306, 0x1306, 0x1306, 0x1306, 0x1306, 0x1306, 0x1306, 0x1306, 0x1306, 0x1306, 0x1306, 0x1306, 0x1306, 0x1306, 0x1306,
    0x1D00, 0x1D00, 0x1D00, 0x1D00, 0x1D00, 0x1D00, 0x1D00, 0x1D00, 0x1D00, 0x1D00, 0x1D00, 0x1D00, 0x1D00, 0x1D00, 0x1D00, 0x1D00,
    0x0518, 0x0518, 0x0518, 0x0518, 0x0518, 0x0518, 0x0518, 0x0518, 0x0518, 0x0518, 0x0518, 0x0518, 0x0518, 0x0718, 0x0718, 0x0718,
    0x0718, 0x0518, 0x0718, 0x0718, 0x0718, 0x0518, 0x0518, 0x0518, 0x0518, 0x0518, 0x0518, 0x0518, 0x0518, 0x0518, 0x0518, 0x0518,
    0x0518, 0x1D00, 0x1D00, 0x1D00, 0x1D00, 0x1D00, 0x1D00, 0x1D00, 0x1D00, 0x1D00, 0x1D00, 0x1D00, 0x1D00, 0x1D00, 0x1D00, 0x1D00,
    0x1509, 0x1509, 0x0000, 0x1509, 0x1509, 0x5509, 0x1509, 0x0000, 0x1509, 0x1509, 0x0100, 0x0000, 0x0000, 0x0000, 0x0100, 0x0100,
    0x0000, 0x0000, 0x0000, 0x4100, 0x1509, 0x0000, 0x1509, 0x1509, 0x1209, 0x0000, 0x0000, 0x0000, 0x0000, 0x0000, 0x1509, 0x1509,
    0x1509, 0x5509, 0x5509, 0x1509, 0x0000, 0x1509, 0x0000, 0x1509, 0x0000, 0x1509, 0x0000, 0x4000, 0x0000, 0x0000, 0x1506, 0x0100,
    0x0000, 0x0000, 0x0000, 0x0000, 0x0100, 0x0400, 0x0400, 0x0400, 0x0400, 0x0100, 0x1509, 0x1509, 0x0100, 0x0100, 0x0000, 0x0000,
    0x1229, 0x1209, 0x1209, 0x1209, 0x1209, 0x0000, 0x0100, 0x0100, 0x0100, 0x0100, 0x1509, 0x1209, 0x1509, 0x1509, 0x0100, 0x1500,
    0x0A09, 0x0A09, 0x0A09, 0x0A09, 0x4A09, 0x4A09, 0x0A09, 0x0A09, 0x0A09, 0x0A09, 0x0A09, 0x4A09, 0x0A09, 0x0A09, 0x4A09, 0x0A09,
    0x4900, 0x4900, 0x4900, 0x4900, 0x4900, 0x4900, 0x4900, 0x4900, 0x4900, 0x4900, 0x4900, 0x4900, 0x0900, 0x0900, 0x0900, 0x0900,
    0x4900, 0x4900, 0x4900, 0x4900, 0x4900, 0x4900, 0x4900, 0x4900, 0x4900, 0x4900, 0x0900, 0x0900, 0x0900, 0x0900, 0x0900, 0x0900,
    0x0900, 0x0900, 0x0900, 0x0000, 0x0100, 0x0900, 0x0900, 0x0900, 0x0900, 0x4A09, 0x1509, 0x1509, 0x1D00, 0x1D00, 0x1D00, 0x1D00,
    0x5209, 0x5209, 0x5209, 0x5209, 0x5209, 0x5509, 0x5509, 0x5509, 0x5509, 0x5509, 0x1209, 0x1209, 0x1509, 0x1509, 0x1509, 0x1509,
    0x1209, 0x1509, 0x1509, 0x1209, 0x1509, 0x1509, 0x1209, 0x1509, 0x1509, 0x1509, 0x1509, 0x1509, 0x1509, 0x1509, 0x1209, 0x1509,
    0x1509, 0x1509, 0x1509, 0x1509, 0x1509, 0x1509, 0x1509, 0x1509, 0x1509, 0x1509, 0x1509, 0x1509, 0x1509, 0x1509, 0x1509, 0x1509,
    0x1509, 0x1509, 0x1509, 0x1509, 0x1509, 0x1509, 0x1509, 0x1509, 0x1509, 0x1509, 0x1509, 0x1509, 0x1509, 0x1509, 0x1209, 0x1209,
    0x1509, 0x1509, 0x5209, 0x1509, 0x5209, 0x1509, 0x1509, 0x1509, 0x1509, 0x1509, 0x1509, 0x1509, 0x1509, 0x1509, 0x1509, 0x1509,
    0x1509, 0x1509, 0x1509, 0x1509, 0x1509, 0x1509, 0x1509, 0x1509, 0x1509, 0x1509, 0x1509, 0x1509, 0x1509, 0x1509, 0x1509, 0x1509,
    0x1509, 0x1509, 0x1509, 0x1509, 0x1209, 0x1209, 0x1209, 0x1209, 0x1209, 0x1209, 0x1209, 0x1209, 0x1209, 0x1209, 0x1209, 0x1209,
    0x5209, 0x1229, 0x5229, 0x5229, 0x1229, 0x1209, 0x1209, 0x5209, 0x5269, 0x1269, 0x1269, 0x5269, 0x1269, 0x1269, 0x1209, 0x5209,
    0x1209, 0x5229, 0x1205, 0x1206, 0x1209, 0x5269, 0x1229, 0x1209, 0x1209, 0x1209, 0x5229, 0x1229, 0x1229, 0x5229, 0x5209, 0x5269,
    0x5269, 0x1269, 0x1269, 0x5209, 0x1269, 0x5209, 0x1229, 0x5209, 0x5209, 0x5209, 0x5209, 0x5229, 0x5229, 0x1229, 0x5229, 0x1229,
    0x1229, 0x1229, 0x1229, 0x1229, 0x5209, 0x5209, 0x5209, 0x5209, 0x1209, 0x1229, 0x1209, 0x1229, 0x5269, 0x5269, 0x1229, 0x1229,
    0x1229, 0x1229, 0x1229, 0x1269, 0x1229, 0x1269, 0x1229, 0x1229, 0x5229, 0x1229, 0x1229, 0x1229, 0x5269, 0x1209, 0x1209, 0x1209,
    0x1209, 0x1209, 0x5269, 0x1269, 0x1269, 0x1269, 0x1209, 0x1209, 0x1209, 0x1209, 0x1209, 0x1209, 0x1209, 0x1209, 0x1209, 0x1229,
    0x5229, 0x5209, 0x1229, 0x1209, 0x5269, 0x5269, 0x5269, 0x5269, 0x1269, 0x1269, 0x5269, 0x5269, 0x1209, 0x1209, 0x5269, 0x5269,
    0x1269, 0x1269, 0x1269, 0x1269, 0x1269, 0x1269, 0x1269, 0x1269, 0x1269, 0x1269, 0x1269, 0x1269, 0x1269, 0x1269, 0x1269, 0x1269,
    0x1269, 0x1269, 0x5269, 0x5269, 0x1269, 0x1269, 0x5269, 0x5269, 0x1269, 0x1269, 0x1269, 0x1269, 0x1229, 0x1209, 0x1209, 0x1269,
    0x1269, 0x1269, 0x1269, 0x1209, 0x1209, 0x5209, 0x1209, 0x1209, 0x1269, 0x5209, 0x1209, 0x1209, 0x1209, 0x1209, 0x1209, 0x1209,
    0x1209, 0x1209, 0x1269, 0x1269, 0x1209, 0x5209, 0x1269, 0x1229, 0x1269, 0x1269, 0x1229, 0x1269, 0x1229, 0x1229, 0x1229, 0x1229,
    0x1269, 0x1269, 0x1269, 0x1269, 0x1269, 0x1269, 0x1269, 0x1269, 0x1269, 0x1209, 0x1209, 0x1209, 0x1209, 0x1209, 0x1229, 0x5229,
    0x1209, 0x1209, 0x1209, 0x1209, 0x1209, 0x1209, 0x1209, 0x1209, 0x1209, 0x1269, 0x1269, 0x1269, 0x1269, 0x1269, 0x1209, 0x1209,
    0x1269, 0x1269, 0x1209, 0x1209, 0x1209, 0x1209, 0x1269, 0x1269, 0x1269, 0x1269, 0x1269, 0x1269, 0x1269, 0x1269, 0x1269, 0x1269,
    0x1269, 0x1269, 0x1269, 0x1269, 0x1269, 0x1269, 0x1269, 0x1269, 0x1269, 0x1269, 0x1269, 0x1269, 0x1269, 0x1269, 0x1209, 0x1209,
    0x1269, 0x1269, 0x1269, 0x1269, 0x1269, 0x1229, 0x1269, 0x1269, 0x1229, 0x1229, 0x1269, 0x1269, 0x1269, 0x1269, 0x1269, 0x1229,
    0x1509, 0x1509, 0x1509, 0x1509, 0x1509, 0x1509, 0x1509, 0x1509, 0x0D69, 0x0E69, 0x0D69, 0x0E69, 0x1509, 0x1509, 0x1509, 0x1509,
    0x1509, 0x1509, 0x5509, 0x1509, 0x1509, 0x1509, 0x1509, 0x1509, 0x1509, 0x1509, 0x5509, 0x5509, 0x1509, 0x1509, 0x1509, 0x1509,
    0x1229, 0x1229, 0x1509, 0x1509, 0x1509, 0x1509, 0x1509, 0x1509, 0x1509, 0x0D69, 0x0E69, 0x1509, 0x1509, 0x1509, 0x1509, 0x1509,
    0x1509, 0x1509, 0x1509, 0x1509, 0x1509, 0x1509, 0x1500, 0x1500, 0x1500, 0x1500, 0x1500, 0x1500, 0x1500, 0x1500, 0x1500, 0x1500,
    0x1500, 0x1500, 0x1500, 0x1500, 0x1500, 0x1500, 0x1500, 0x1500, 0x1500, 0x1500, 0x1500, 0x1500, 0x1500, 0x1500, 0x1500, 0x1500,
    0x1500, 0x1500, 0x1500, 0x1500, 0x1500, 0x1500, 0x1500, 0x1500, 0x1500, 0x1500, 0x1500, 0x1500, 0x1500, 0x1500, 0x1500, 0x1500,
    0x1500, 0x1500, 0x1500, 0x1500, 0x1500, 0x1500, 0x1500, 0x1500, 0x1500, 0x1500, 0x1500, 0x1500, 0x1500, 0x1500, 0x1500, 0x1500,
    0x1500, 0x1500, 0x1500, 0x1500, 0x1500, 0x1500, 0x1500, 0x1500, 0x1500, 0x1500, 0x1500, 0x1509, 0x1209, 0x1509, 0x1509, 0x1509,
    0x1509, 0x1509, 0x1509, 0x1509, 0x1509, 0x1509, 0x1509, 0x1509, 0x1509, 0x1509, 0x1509, 0x1509, 0x1509, 0x1509, 0x1509, 0x1509,
    0x1509, 0x1509, 0x1509, 0x1509, 0x1509, 0x1500, 0x1509, 0x1509, 0x1509, 0x1509, 0x1509, 0x1209, 0x1209, 0x1209, 0x1209, 0x1209,
    0x1209, 0x1209, 0x1209, 0x1209, 0x1209, 0x1209, 0x1209, 0x1209, 0x1209, 0x1209, 0x1209, 0x1209, 0x1209, 0x1209, 0x1209, 0x1209,
    0x1209, 0x1209, 0x1209, 0x1209, 0x1509, 0x1509, 0x1509, 0x1509, 0x1509, 0x1509, 0x1509, 0x1509, 0x1509, 0x1509, 0x1509, 0x1509,
    0x1509, 0x1509, 0x1509, 0x1509, 0x1509, 0x1509, 0x1509, 0x1509, 0x1509, 0x1509, 0x1509, 0x1509, 0x1509, 0x1509, 0x1509, 0x1509,
    0x1509, 0x1509, 0x1509, 0x1509, 0x1509, 0x1509, 0x1509, 0x1509, 0x1509, 0x1509, 0x1509, 0x1509, 0x1209, 0x1209, 0x1209, 0x1209,
    0x1209, 0x1209, 0x1509, 0x1509, 0x1509, 0x1509, 0x1509, 0x1509, 0x1509, 0x1509, 0x1509, 0x1509, 0x1509, 0x1509, 0x1509, 0x1509,
    0x5509, 0x5509, 0x5509, 0x5509, 0x1509, 0x1509, 0x1509, 0x1509, 0x1509, 0x1509, 0x1509, 0x1509, 0x1509, 0x1509, 0x1509, 0x1509,
    0x1509, 0x1509, 0x1509, 0x1509, 0x1509, 0x1509, 0x1509, 0x1509, 0x1509, 0x1509, 0x1509, 0x1509, 0x1509, 0x1509, 0x1509, 0x1509,
    0x1509, 0x1509, 0x1509, 0x1509, 0x1509, 0x1509, 0x1509, 0x1509, 0x1509, 0x1509, 0x1509, 0x1509, 0x1509, 0x1509, 0x1509, 0x1509,
    0x1509, 0x1509, 0x1509, 0x1509, 0x1509, 0x1509, 0x1509, 0x1D00, 0x1D00, 0x1D00, 0x1D00, 0x1D00, 0x1D00, 0x1D00, 0x1D00, 0x1D00,
    0x1D00, 0x1D00, 0x1D00, 0x1D00, 0x1D00, 0x1D00, 0x1D00, 0x1D00, 0x1D00, 0x1D00, 0x1D00, 0x1D00, 0x1D00, 0x1D00, 0x1D00, 0x1D00,
    0x1509, 0x1509, 0x1509, 0x1509, 0x1509, 0x1509, 0x1509, 0x1509, 0x1509, 0x1509, 0x1509, 0x1D00, 0x1D00, 0x1D00, 0x1D00, 0x1D00,
    0x1D00, 0x1D00, 0x1D00, 0x1D00, 0x1D00, 0x1D00, 0x1D00, 0x1D00, 0x1D00, 0x1D00, 0x1D00, 0x1D00, 0x1D00, 0x1D00, 0x1D00, 0x1D00,
    0x4A09, 0x4A09, 0x4A09, 0x4A09, 0x4A09, 0x4A09, 0x4A09, 0x4A09, 0x4A09, 0x4A09, 0x4A09, 0x4A09, 0x4A09, 0x4A09, 0x4A09, 0x4A09,
    0x4A09, 0x4A09, 0x4A09, 0x4A09, 0x4A09, 0x4A09, 0x4A09, 0x4A09, 0x4A09, 0x4A09, 0x4A09, 0x4A09, 0x4A09, 0x4A09, 0x4A09, 0x4A09,
    0x4A09, 0x4A09, 0x4A09, 0x4A09, 0x4A09, 0x4A09, 0x4A09, 0x4A09, 0x4A03, 0x4A03, 0x4A03, 0x4A03, 0x4A03, 0x4A03, 0x4A03, 0x4A03,
    0x4A03, 0x4A03, 0x4A03, 0x4A03, 0x4A03, 0x4A03, 0x4A03, 0x4A03, 0x4A03, 0x4A03, 0x4A03, 0x4A03, 0x5500, 0x5500, 0x5500, 0x5500,
    0x5500, 0x5500, 0x5500, 0x5500, 0x5500, 0x5500, 0x5500, 0x5500, 0x5500, 0x5500, 0x5500, 0x5500, 0x5500, 0x5500, 0x5500, 0x5500,
    0x5500, 0x5500, 0x5500, 0x5500, 0x5500, 0x5500, 0x5500, 0x5500, 0x5500, 0x5500, 0x5500, 0x5500, 0x5500, 0x5500, 0x5500, 0x5500,
    0x5500, 0x5500, 0x5500, 0x5500, 0x5500, 0x5500, 0x5500, 0x5500, 0x5500, 0x5500, 0x5500, 0x5500, 0x5500, 0x5500, 0x5500, 0x5500,
    0x5500, 0x5500, 0x5500, 0x5500, 0x5500, 0x5500, 0x5500, 0x5500, 0x5500, 0x5500, 0x5500, 0x5500, 0x5500, 0x5500, 0x5500, 0x5500,
    0x5500, 0x5500, 0x5500, 0x5500, 0x5500, 0x5500, 0x5500, 0x5500, 0x5500, 0x5500, 0x4A09, 0x4A09, 0x4A09, 0x4A09, 0x4A09, 0x4A09,
    0x4A09, 0x4A09, 0x4A09, 0x4A09, 0x4A09, 0x4A09, 0x4A09, 0x4A09, 0x4A09, 0x4A09, 0x4A09, 0x4A09, 0x4A09, 0x4A09, 0x4A09, 0x0A09,
    0x5509, 0x5509, 0x5509, 0x5509, 0x5509, 0x5509, 0x5509, 0x5509, 0x5509, 0x5509, 0x5509, 0x5509, 0x5509, 0x5509, 0x5509, 0x5509,
    0x5509, 0x5509, 0x5509, 0x5509, 0x5509, 0x5509, 0x5509, 0x5509, 0x5509, 0x5509, 0x5509, 0x5509, 0x5509, 0x5509, 0x5509, 0x5509,
    0x5509, 0x5509, 0x5509, 0x5509, 0x5509, 0x5509, 0x5509, 0x5509, 0x5509, 0x5509, 0x5509, 0x5509, 0x5509, 0x5509, 0x5509, 0x5509,
    0x5509, 0x5509, 0x5509, 0x5509, 0x5509, 0x5509, 0x5509, 0x5509, 0x5509, 0x5509, 0x5509, 0x5509, 0x5509, 0x5509, 0x5509, 0x5509,
    0x5509, 0x5509, 0x5509, 0x5509, 0x5509, 0x5509, 0x5509, 0x5509, 0x5509, 0x5509, 0x5509, 0x5509, 0x1509, 0x1509, 0x1509, 0x1509,
    0x5509, 0x5509, 0x5509, 0x5509, 0x5509, 0x5509, 0x5509, 0x5509, 0x5509, 0x5509, 0x5509, 0x5509, 0x5509, 0x5509, 0x5509, 0x5509,
    0x5509, 0x5509, 0x5509, 0x5509, 0x5509, 0x5509, 0x5509, 0x5509, 0x5509, 0x5509, 0x5509, 0x5509, 0x5509, 0x5509, 0x5509, 0x5509,
    0x5509, 0x5509, 0x5509, 0x5509, 0x5509, 0x1509, 0x1509, 0x1509, 0x1509, 0x1509, 0x1509, 0x1509, 0x1509, 0x1509, 0x1509, 0x1509,
    0x5509, 0x5509, 0x5509, 0x5509, 0x5509, 0x5509, 0x5509, 0x5509, 0x5509, 0x5509, 0x5509, 0x5509, 0x5509, 0x5509, 0x5509, 0x5509,
    0x1509, 0x1509, 0x5509, 0x5509, 0x5509, 0x5509, 0x1509, 0x1509, 0x1509, 0x1509, 0x1509, 0x1509, 0x1509, 0x1509, 0x1509, 0x1509,
    0x5509, 0x5509, 0x1509, 0x5509, 0x5509, 0x5509, 0x5509, 0x5509, 0x5509, 0x5509, 0x1509, 0x1509, 0x1509, 0x1509, 0x1509, 0x1509,
    0x1509, 0x1509, 0x5509, 0x5509, 0x1509, 0x1509, 0x5509, 0x5209, 0x1509, 0x1509, 0x1509, 0x1509, 0x5509, 0x5509, 0x1509, 0x1509,
    0x5509, 0x5209, 0x1509, 0x1509, 0x1509, 0x1509, 0x5509, 0x5509, 0x5509, 0x1509, 0x1509, 0x5509, 0x1509, 0x1509, 0x5509, 0x5509,
    0x5509, 0x5509, 0x1509, 0x1509, 0x1509, 0x1509, 0x1509, 0x1509, 0x1509, 0x1509, 0x1509, 0x1509, 0x1509, 0x1509, 0x1509, 0x1509,
    0x1509, 0x1509, 0x5509, 0x5509, 0x5509, 0x5509, 0x1509, 0x1509, 0x1509, 0x1509, 0x1509, 0x1509, 0x1509, 0x1509, 0x1509, 0x5509,
    0x1509, 0x1509, 0x1509, 0x1509, 0x1509, 0x1509, 0x1509, 0x1509, 0x1209, 0x1209, 0x1209, 0x1209, 0x1209, 0x1209, 0x1209, 0x1209,
    0x5509, 0x5509, 0x5509, 0x5509, 0x1509, 0x5509, 0x5509, 0x1509, 0x1509, 0x5509, 0x1509, 0x1509, 0x1509, 0x1509, 0x5509, 0x5509,
    0x1509, 0x1509, 0x1509, 0x1509, 0x5509, 0x5509, 0x5509, 0x5509, 0x5509, 0x1509, 0x5509, 0x5509, 0x5509, 0x5509, 0x5509, 0x5509,
    0x1509, 0x1509, 0x1509, 0x1509, 0x1509, 0x1509, 0x1509, 0x1509, 0x1509, 0x1509, 0x1509, 0x1509, 0x1509, 0x1509, 0x1509, 0x1509,
    0x1509, 0x1509, 0x1509, 0x1509, 0x1509, 0x1509, 0x1509, 0x1509, 0x1509, 0x5509, 0x5509, 0x5509, 0x1509, 0x1509, 0x1509, 0x1509,
    0x5509, 0x1509, 0x5509, 0x1509, 0x1509, 0x1509, 0x1509, 0x1509, 0x1509, 0x1509, 0x1509, 0x1509, 0x1509, 0x1509, 0x1509, 0x1509,
    0x1509, 0x1509, 0x1509, 0x1509, 0x1509, 0x1509, 0x1509, 0x1509, 0x1509, 0x1509, 0x1509, 0x1509, 0x1509, 0x1509, 0x1509, 0x1509,
    0x5509, 0x5509, 0x1509, 0x5509, 0x5509, 0x5509, 0x1509, 0x5509, 0x5509, 0x5509, 0x5509, 0x1509, 0x5509, 0x5509, 0x1509, 0x5209,
    0x1509, 0x1509, 0x1509, 0x1509, 0x1509, 0x1509, 0x1509, 0x1509, 0x1509, 0x1509, 0x1509, 0x1509, 0x1509, 0x1509, 0x1509, 0x5509,
    0x1509, 0x1509, 0x1509, 0x1509, 0x1509, 0x1509, 0x1509, 0x1509, 0x1509, 0x1509, 0x1509, 0x1509, 0x1509, 0x1509, 0x1509, 0x1509,
    0x1509, 0x1509, 0x1509, 0x1509, 0x1509, 0x1509, 0x1509, 0x1509, 0x1509, 0x1509, 0x1509, 0x1509, 0x1509, 0x1509, 0x5509, 0x5509,
    0x1509, 0x1509, 0x1509, 0x1509, 0x1509, 0x1509, 0x1509, 0x1509, 0x1509, 0x1509, 0x1509, 0x1509, 0x1500, 0x1509, 0x1509, 0x1509,
    0x1509, 0x1509, 0x1509, 0x1509, 0x1509, 0x1509, 0x1509, 0x1509, 0x1509, 0x1509, 0x1509, 0x1509, 0x1509, 0x5509, 0x5509, 0x5509,
    0x5509, 0x5509, 0x5509, 0x5509, 0x5509, 0x5509, 0x5509, 0x5509, 0x5509, 0x5509, 0x5509, 0x5509, 0x5509, 0x5509, 0x1509, 0x5509,
    0x5509, 0x5509, 0x5509, 0x5509, 0x5509, 0x5509, 0x5509, 0x5509, 0x5509, 0x5509, 0x5509, 0x5509, 0x5509, 0x5509, 0x5509, 0x5509,
    0x5509, 0x5509, 0x1509, 0x5509, 0x1509, 0x1509, 0x1509, 0x1509, 0x5509, 0x5509, 0x5509, 0x5509, 0x5509, 0x5509, 0x5509, 0x5509,
    0x5509, 0x5509, 0x5509, 0x5509, 0x5509, 0x5509, 0x5509, 0x5509, 0x5509, 0x5509, 0x5509, 0x5509, 0x5509, 0x5509, 0x5509, 0x5509,
    0x5509, 0x5509, 0x5509, 0x5509, 0x5509, 0x1509, 0x1509, 0x1509, 0x5509, 0x5509, 0x5509, 0x5509, 0x5509, 0x5509, 0x1509, 0x1509,
    0x1509, 0x1509, 0x1509, 0x1509, 0x1509, 0x1509, 0x1509, 0x1509, 0x1509, 0x1509, 0x1509, 0x1509, 0x1509, 0x1509, 0x1509, 0x1509,
    0x1509, 0x1509, 0x1509, 0x1509, 0x1509, 0x1509, 0x1509, 0x1509, 0x1509, 0x1509, 0x1509, 0x1509, 0x1509, 0x1509, 0x1509, 0x1509,
    0x1509, 0x1509, 0x1509, 0x1509, 0x1509, 0x1509, 0x1509, 0x1509, 0x1509, 0x1509, 0x1509, 0x1509, 0x1509, 0x1509, 0x1509, 0x1509,
    0x1509, 0x1509, 0x1509, 0x1509, 0x1509, 0x1509, 0x1509, 0x1509, 0x1509, 0x1509, 0x1509, 0x1509, 0x1509, 0x1509, 0x1509, 0x1509,
    0x1509, 0x1509, 0x1509, 0x1509, 0x1509, 0x1509, 0x1509, 0x5509, 0x1509, 0x1509, 0x1509, 0x1509, 0x1509, 0x1509, 0x1509, 0x1509,
    0x1509, 0x1509, 0x1509, 0x1509, 0x5509, 0x1509, 0x1509, 0x1509, 0x0D69, 0x0E69, 0x0D69, 0x0E69, 0x0D69, 0x0E69, 0x0D69, 0x0E69,
    0x0D69, 0x0E69, 0x0D69, 0x0E69, 0x0D69, 0x0E69, 0x4A09, 0x4A09, 0x4A09, 0x4A09, 0x4A09, 0x4A09, 0x4A09, 0x4A09, 0x4A09, 0x4A09,
    0x4A09, 0x4A09, 0x4A09, 0x4A09, 0x4A09, 0x4A09, 0x4A09, 0x4A09, 0x4A09, 0x4A09, 0x4A09, 0x4A09, 0x4A09, 0x4A09, 0x4A09, 0x4A09,
    0x4A09, 0x4A09, 0x4A09, 0x4A09, 0x1509, 0x1509, 0x1509, 0x1509, 0x1509, 0x1509, 0x1509, 0x1509, 0x1509, 0x1509, 0x1509, 0x1509,
    0x1509, 0x1509, 0x1509, 0x1509, 0x1509, 0x1509, 0x1509, 0x1509, 0x1509, 0x1509, 0x1509, 0x1509, 0x1509, 0x1509, 0x1509, 0x1509,
    0x1509, 0x1509, 0x1509, 0x1509, 0x1509, 0x1509, 0x1509, 0x1509, 0x1509, 0x1509, 0x1509, 0x1509, 0x1509, 0x1509, 0x1509, 0x1509,
    0x1229, 0x1209, 0x1209, 0x1269, 0x1269, 0x0D69, 0x0E69, 0x1209, 0x1269, 0x1269, 0x1209, 0x1269, 0x1229, 0x1269, 0x1209, 0x1209,
    0x1209, 0x1209, 0x1209, 0x1229, 0x1229, 0x1269, 0x1269, 0x1209, 0x1209, 0x1209, 0x1209, 0x1209, 0x1269, 0x1269, 0x1269, 0x1209,
    0x1209, 0x1209, 0x1269, 0x1269, 0x1269, 0x1269, 0x0D69, 0x0E69, 0x0D69, 0x0E69, 0x0D69, 0x0E69, 0x0D69, 0x0E69, 0x0D69, 0x0E69,
    0x1209, 0x1209, 0x1209, 0x1209, 0x1209, 0x1209, 0x1209, 0x1209, 0x1209, 0x1209, 0x1209, 0x1209, 0x1209, 0x1209, 0x1209, 0x1209,
    0x1500, 0x1500, 0x1500, 0x1500, 0x1500, 0x1500, 0x1500, 0x1500, 0x1500, 0x1500, 0x1500, 0x1500, 0x1500, 0x1500, 0x1500, 0x1500,
    0x1500, 0x1500, 0x1500, 0x1500, 0x1500, 0x1500, 0x1500, 0x1500, 0x1500, 0x1500, 0x1500, 0x1500, 0x1500, 0x1500, 0x1500, 0x1500,
    0x1500, 0x1500, 0x1500, 0x1500, 0x1500, 0x1500, 0x1500, 0x1500, 0x1500, 0x1500, 0x1500, 0x1500, 0x1500, 0x1500, 0x1500, 0x1500,
    0x1500, 0x1500, 0x1500, 0x1500, 0x1500, 0x1500, 0x1500, 0x1500, 0x1500, 0x1500, 0x1500, 0x1500, 0x1500, 0x1500, 0x1500, 0x1500,
    0x1500, 0x1500, 0x1500, 0x1500, 0x1500, 0x1500, 0x1500, 0x1500, 0x1500, 0x1500, 0x1500, 0x1500, 0x1500, 0x1500, 0x1500, 0x1500,
    0x1500, 0x1500, 0x1500, 0x1500, 0x1500, 0x1500, 0x1500, 0x1500, 0x1500, 0x1500, 0x1500, 0x1500, 0x1500, 0x1500, 0x1500, 0x1500,
    0x1500, 0x1500, 0x1500, 0x1500, 0x1500, 0x1500, 0x1500, 0x1500, 0x1500, 0x1500, 0x1500, 0x1500, 0x1500, 0x1500, 0x1500, 0x1500,
    0x1500, 0x1500, 0x1500, 0x1500, 0x1500, 0x1500, 0x1500, 0x1500, 0x1500, 0x1500, 0x1500, 0x1500, 0x1500, 0x1500, 0x1500, 0x1500,
    0x1500, 0x1500, 0x1500, 0x1500, 0x1500, 0x1500, 0x1500, 0x1500, 0x1500, 0x1500, 0x1500, 0x1500, 0x1500, 0x1500, 0x1500, 0x1500,
    0x1500, 0x1500, 0x1500, 0x1500, 0x1500, 0x1500, 0x1500, 0x1500, 0x1500, 0x1500, 0x1500, 0x1500, 0x1500, 0x1500, 0x1500, 0x1500,
    0x1500, 0x1500, 0x1500, 0x1500, 0x1500, 0x1500, 0x1500, 0x1500, 0x1500, 0x1500, 0x1500, 0x1500, 0x1500, 0x1500, 0x1500, 0x1500,
    0x1500, 0x1500, 0x1500, 0x1500, 0x1500, 0x1500, 0x1500, 0x1500, 0x1500, 0x1500, 0x1500, 0x1500, 0x1500, 0x1500, 0x1500, 0x1500,
    0x1500, 0x1500, 0x1500, 0x1500, 0x1500, 0x1500, 0x1500, 0x1500, 0x1500, 0x1500, 0x1500, 0x1500, 0x1500, 0x1500, 0x1500, 0x1500,
    0x1500, 0x1500, 0x1500, 0x1500, 0x1500, 0x1500, 0x1500, 0x1500, 0x1500, 0x1500, 0x1500, 0x1500, 0x1500, 0x1500, 0x1500, 0x1500,
    0x1500, 0x1500, 0x1500, 0x1500, 0x1500, 0x1500, 0x1500, 0x1500, 0x1500, 0x1500, 0x1500, 0x1500, 0x1500, 0x1500, 0x1500, 0x1500,
    0x1500, 0x1500, 0x1500, 0x1500, 0x1500, 0x1500, 0x1500, 0x1500, 0x1500, 0x1500, 0x1500, 0x1500, 0x1500, 0x1500, 0x1500, 0x1500,
    0x1209, 0x1209, 0x1209, 0x1209, 0x1209, 0x1209, 0x1209, 0x1209, 0x1209, 0x1209, 0x1209, 0x1209, 0x1209, 0x1209, 0x1209, 0x1209,
    0x1209, 0x1209, 0x1209, 0x1209, 0x1209, 0x1209, 0x1209, 0x1209, 0x1209, 0x1209, 0x1209, 0x1209, 0x1209, 0x1209, 0x1209, 0x1209,
    0x1209, 0x1209, 0x1209, 0x1209, 0x1209, 0x1209, 0x1209, 0x1209, 0x1209, 0x1209, 0x1209, 0x1209, 0x1209, 0x1209, 0x1209, 0x1209,
    0x1209, 0x1209, 0x1209, 0x1209, 0x1209, 0x1209, 0x1209, 0x1209, 0x1209, 0x1209, 0x1209, 0x1209, 0x1209, 0x1209, 0x1209, 0x1209,
    0x1209, 0x1209, 0x1209, 0x1209, 0x1209, 0x1209, 0x1209, 0x1209, 0x1209, 0x1209, 0x1209, 0x1209, 0x1209, 0x1209, 0x1209, 0x1209,
    0x1209, 0x1209, 0x1209, 0x1209, 0x1209, 0x1209, 0x1209, 0x1209, 0x1209, 0x1209, 0x1209, 0x1209, 0x1209, 0x1209, 0x1209, 0x1209,
    0x1209, 0x1209, 0x1209, 0x1209, 0x1209, 0x1209, 0x1209, 0x1209, 0x1209, 0x1209, 0x1209, 0x1209, 0x1209, 0x1209, 0x1209, 0x1209,
    0x1209, 0x1209, 0x1209, 0x1209, 0x1209, 0x1209, 0x1209, 0x1209, 0x1209, 0x1209, 0x1209, 0x1209, 0x1209, 0x1209, 0x1209, 0x1209,
    0x1209, 0x1209, 0x1209, 0x0D69, 0x0E69, 0x0D69, 0x0E69, 0x0D69, 0x0E69, 0x0D69, 0x0E69, 0x0D69, 0x0E69, 0x0D69, 0x0E69, 0x0D69,
    0x0E69, 0x0D69, 0x0E69, 0x0D69, 0x0E69, 0x0D69, 0x0E69, 0x0D69, 0x0E69, 0x1209, 0x1209, 0x1269, 0x1229, 0x1229, 0x1229, 0x1229,
    0x1269, 0x1209, 0x1229, 0x1269, 0x1269, 0x1269, 0x1229, 0x1229, 0x1269, 0x1269, 0x1269, 0x1269, 0x1269, 0x1269, 0x1269, 0x1269,
    0x1209, 0x1209, 0x1209, 0x1209, 0x1209, 0x1209, 0x1209, 0x1209, 0x1269, 0x1209, 0x1209, 0x1209, 0x1209, 0x1209, 0x1209, 0x1209,
    0x1269, 0x1269, 0x1229, 0x1229, 0x1269, 0x1269, 0x1209, 0x1209, 0x1209, 0x1229, 0x1209, 0x1209, 0x1209, 0x1209, 0x1229, 0x1269,
    0x1269, 0x1269, 0x1269, 0x1209, 0x1269, 0x1269, 0x1209, 0x1209, 0x0D69, 0x0E69, 0x0D69, 0x0E69, 0x1229, 0x1209, 0x1209, 0x1209,
    0x1209, 0x1229, 0x1209, 0x1229, 0x1229, 0x1229, 0x1209, 0x1209, 0x1269, 0x1269, 0x1209, 0x1209, 0x1209, 0x1209, 0x1209, 0x1209,
    0x1209, 0x1209, 0x1209, 0x1209, 0x1229, 0x1269, 0x1229, 0x1229, 0x1269, 0x1269, 0x1209, 0x1209, 0x0D69, 0x0E69, 0x1209, 0x1209,
    0x1209, 0x1209, 0x1209, 0x1209, 0x1209, 0x1209, 0x1209, 0x1209, 0x1209, 0x1209, 0x1229, 0x1229, 0x1229, 0x1229, 0x1229, 0x1229,
    0x1229, 0x1229, 0x1229, 0x1229, 0x1229, 0x1229, 0x1229, 0x1229, 0x1229, 0x1229, 0x1229, 0x1229, 0x1229, 0x1209, 0x1229, 0x1229,
    0x1229, 0x1229, 0x1209, 0x1209, 0x1229, 0x1209, 0x1229, 0x1209, 0x1209, 0x1229, 0x1209, 0x1269, 0x1269, 0x1269, 0x1269, 0x1209,
    0x1209, 0x1209, 0x1209, 0x1209, 0x1269, 0x1269, 0x1209, 0x1209, 0x1209, 0x1209, 0x1209, 0x1209, 0x1269, 0x1269, 0x1229, 0x1209,
    0x1209, 0x1209, 0x1209, 0x1209, 0x1209, 0x1209, 0x1209, 0x1209, 0x1209, 0x1209, 0x1209, 0x1209, 0x1209, 0x1209, 0x1209, 0x1209,
    0x1209, 0x1209, 0x1209, 0x1209, 0x1209, 0x1209, 0x1209, 0x1229, 0x1229, 0x1209, 0x1209, 0x1209, 0x1209, 0x1209, 0x1209, 0x1209,
    0x1209, 0x1209, 0x1209, 0x1209, 0x1269, 0x1269, 0x1209, 0x1209, 0x1209, 0x1209, 0x1229, 0x1229, 0x1229, 0x1229, 0x1209, 0x1229,
    0x1229, 0x1209, 0x1209, 0x1229, 0x1229, 0x1209, 0x1209, 0x1209, 0x1209, 0x1269, 0x1269, 0x1269, 0x1269, 0x1269, 0x1269, 0x1269,
    0x1269, 0x1269, 0x1269, 0x1269, 0x1269, 0x1269, 0x1269, 0x1269, 0x1269, 0x1269, 0x1269, 0x1269, 0x1269, 0x1269, 0x1269, 0x1269,
    0x1269, 0x1269, 0x1269, 0x1269, 0x1269, 0x1269, 0x1269, 0x1269, 0x1269, 0x1269, 0x1269, 0x1269, 0x1269, 0x1269, 0x1269, 0x1269,
    0x1269, 0x1269, 0x1269, 0x1229, 0x1209, 0x1209, 0x1269, 0x1269, 0x1269, 0x1269, 0x1269, 0x1269, 0x1269, 0x1269, 0x1209, 0x1269,
    0x1269, 0x1269, 0x1269, 0x1269, 0x1269, 0x1269, 0x1269, 0x1269, 0x1269, 0x1269, 0x1269, 0x1269, 0x1269, 0x1269, 0x1269, 0x1269,
    0x1269, 0x1269, 0x1269, 0x1269, 0x1269, 0x1269, 0x1269, 0x1269, 0x1269, 0x1269, 0x1269, 0x1269, 0x1269, 0x1269, 0x1269, 0x1269,
    0x1269, 0x1269, 0x1269, 0x1269, 0x1269, 0x1269, 0x1269, 0x1209, 0x1209, 0x1209, 0x1209, 0x1209, 0x1229, 0x1209, 0x1269, 0x1209,
    0x1209, 0x1209, 0x1229, 0x1269, 0x1269, 0x1269, 0x1229, 0x1209, 0x1209, 0x1209, 0x1209, 0x1209, 0x1269, 0x1269, 0x1269, 0x1209,
    0x1209, 0x1209, 0x1209, 0x1229, 0x1209, 0x1209, 0x1209, 0x1269, 0x1269, 0x1269, 0x1269, 0x1229, 0x1209, 0x1229, 0x1209, 0x1209,
    0x1509, 0x1509, 0x1509, 0x1509, 0x1509, 0x1509, 0x1509, 0x1509, 0x1509, 0x1509, 0x1509, 0x1509, 0x1509, 0x1509, 0x1509, 0x1509,
    0x1509, 0x1509, 0x1509, 0x1509, 0x1509, 0x1509, 0x1509, 0x1509, 0x1509, 0x1509, 0x1509, 0x1509, 0x1509, 0x1509, 0x1509, 0x1509,
    0x1509, 0x1509, 0x1509, 0x1509, 0x1509, 0x1509, 0x1509, 0x1509, 0x1509, 0x1509, 0x1509, 0x1509, 0x1509, 0x1509, 0x1509, 0x1509,
    0x1209, 0x1209, 0x1209, 0x1209, 0x1209, 0x1209, 0x1209, 0x1209, 0x1209, 0x1209, 0x1209, 0x1209, 0x1209, 0x1209, 0x1209, 0x1209,
    0x1209, 0x1209, 0x1209, 0x1209, 0x1209, 0x1509, 0x1509, 0x1209, 0x1209, 0x1209, 0x1209, 0x1209, 0x1209, 0x1509, 0x1509, 0x1509,
    0x1509, 0x1509, 0x1509, 0x1509, 0x1509, 0x5509, 0x5509, 0x5509, 0x5509, 0x5509, 0x1509, 0x1509, 0x1509, 0x1509, 0x1509, 0x1509,
    0x1509, 0x1509, 0x1509, 0x1509, 0x1509, 0x1509, 0x1509, 0x1509, 0x1509, 0x1509, 0x1509, 0x1509, 0x1509, 0x1509, 0x1509, 0x1509,
    0x1509, 0x1509, 0x1509, 0x1509, 0x1D00, 0x1D00, 0x1509, 0x1509, 0x1509, 0x1509, 0x1509, 0x1509, 0x1509, 0x1509, 0x1509, 0x1509,
    0x1509, 0x1509, 0x1509, 0x1509, 0x1509, 0x1509, 0x1509, 0x1509, 0x1509, 0x1509, 0x1509, 0x1509, 0x1509, 0x1509, 0x1509, 0x1509,
    0x1509, 0x1509, 0x1509, 0x1509, 0x1509, 0x1509, 0x1D00, 0x1D00, 0x1509, 0x1509, 0x1509, 0x1509, 0x1509, 0x1509, 0x1509, 0x1509,
    0x1509, 0x1509, 0x1509, 0x1509, 0x1509, 0x1509, 0x1509, 0x1509, 0x1509, 0x1509, 0x1509, 0x1509, 0x1509, 0x1509, 0x1509, 0x1509,
    0x1509, 0x1509, 0x1509, 0x1509, 0x1509, 0x1509, 0x1509, 0x1509, 0x1509, 0x1509, 0x1509, 0x1509, 0x1509, 0x1509, 0x1509, 0x1509,
    0x1509, 0x1509, 0x1509, 0x1509, 0x1509, 0x1509, 0x1509, 0x1509, 0x1509, 0x1509, 0x1509, 0x1509, 0x1509, 0x1509, 0x1509, 0x1509,
    0x1509, 0x1509, 0x1509, 0x1509, 0x1509, 0x1509, 0x1509, 0x1509, 0x1509, 0x1509, 0x1509, 0x1509, 0x1509, 0x1509, 0x1509, 0x1509,
    0x1509, 0x1509, 0x1509, 0x1509, 0x1509, 0x1509, 0x1509, 0x1509, 0x1509, 0x1509, 0x1509, 0x1509, 0x1509, 0x1509, 0x1509, 0x1509,
    0x1509, 0x1509, 0x1509, 0x1509, 0x1509, 0x1509, 0x1509, 0x1509, 0x1509, 0x1509, 0x1509, 0x1509, 0x1509, 0x1509, 0x1569, 0x1509,
    0x0000, 0x0000, 0x0000, 0x0000, 0x0000, 0x0000, 0x0000, 0x0000, 0x0000, 0x0000, 0x0000, 0x0000, 0x0000, 0x0000, 0x0000, 0x0000,
    0x0000, 0x0000, 0x0000, 0x0000, 0x0000, 0x0000, 0x0000, 0x0000, 0x0000, 0x0000, 0x0000, 0x0000, 0x0000, 0x0000, 0x0000, 0x0000,
    0x0000, 0x0000, 0x0000, 0x0000, 0x0000, 0x0000, 0x0000, 0x0000, 0x0000, 0x0000, 0x0000, 0x0000, 0x0000, 0x0000, 0x0000, 0x1D00,
    0x0100, 0x0100, 0x0100, 0x0100, 0x0100, 0x0100, 0x0100, 0x0100, 0x0100, 0x0100, 0x0100, 0x0100, 0x0100, 0x0100, 0x0100, 0x0100,
    0x0100, 0x0100, 0x0100, 0x0100, 0x0100, 0x0100, 0x0100, 0x0100, 0x0100, 0x0100, 0x0100, 0x0100, 0x0100, 0x0100, 0x0100, 0x0100,
    0x0100, 0x0100, 0x0100, 0x0100, 0x0100, 0x0100, 0x0100, 0x0100, 0x0100, 0x0100, 0x0100, 0x0100, 0x0100, 0x0100, 0x0100, 0x1D00,
    0x0000, 0x0100, 0x0000, 0x0000, 0x0000, 0x0100, 0x0100, 0x0000, 0x0100, 0x0000, 0x0100, 0x0000, 0x0100, 0x0000, 0x0000, 0x0000,
    0x0000, 0x0100, 0x0000, 0x0100, 0x0100, 0x0000, 0x0100, 0x0100, 0x0100, 0x0100, 0x0100, 0x0100, 0x0300, 0x0300, 0x0000, 0x0000,
    0x0000, 0x0100, 0x0000, 0x0100, 0x0000, 0x0100, 0x0000, 0x0100, 0x0000, 0x0100, 0x0000, 0x0100, 0x0000, 0x0100, 0x0000, 0x0100,
    0x0000, 0x0100, 0x0000, 0x0100, 0x0000, 0x0100, 0x0000, 0x0100, 0x0000, 0x0100, 0x0000, 0x0100, 0x0000, 0x0100, 0x0000, 0x0100,
    0x0000, 0x0100, 0x0000, 0x0100, 0x0000, 0x0100, 0x0000, 0x0100, 0x0000, 0x0100, 0x0000, 0x0100, 0x0000, 0x0100, 0x0000, 0x0100,
    0x0000, 0x0100, 0x0000, 0x0100, 0x0000, 0x0100, 0x0000, 0x0100, 0x0000, 0x0100, 0x0000, 0x0100, 0x0000, 0x0100, 0x0000, 0x0100,
    0x0000, 0x0100, 0x0000, 0x0100, 0x0000, 0x0100, 0x0000, 0x0100, 0x0000, 0x0100, 0x0000, 0x0100, 0x0000, 0x0100, 0x0000, 0x0100,
    0x0000, 0x0100, 0x0000, 0x0100, 0x0000, 0x0100, 0x0000, 0x0100, 0x0000, 0x0100, 0x0000, 0x0100, 0x0000, 0x0100, 0x0000, 0x0100,
    0x0000, 0x0100, 0x0000, 0x0100, 0x0100, 0x1509, 0x1509, 0x1509, 0x1509, 0x1509, 0x1509, 0x0000, 0x0100, 0x0000, 0x0100, 0x0518,
    0x0518, 0x0518, 0x0000, 0x0100, 0x1D00, 0x1D00, 0x1D00, 0x1D00, 0x1D00, 0x1109, 0x5109, 0x5109, 0x5109, 0x0A09, 0x1109, 0x5109,
    0x0100, 0x0100, 0x0100, 0x0100, 0x0100, 0x0100, 0x0100, 0x0100, 0x0100, 0x0100, 0x0100, 0x0100, 0x0100, 0x0100, 0x0100, 0x0100,
    0x0100, 0x0100, 0x0100, 0x0100, 0x0100, 0x0100, 0x0100, 0x0100, 0x0100, 0x0100, 0x0100, 0x0100, 0x0100, 0x0100, 0x0100, 0x0100,
    0x0100, 0x0100, 0x0100, 0x0100, 0x0100, 0x0100, 0x1D00, 0x0100, 0x1D00, 0x1D00, 0x1D00, 0x1D00, 0x1D00, 0x0100, 0x1D00, 0x1D00,
    0x0400, 0x0400, 0x0400, 0x0400, 0x0400, 0x0400, 0x0400, 0x0400, 0x0400, 0x0400, 0x0400, 0x0400, 0x0400, 0x0400, 0x0400, 0x0400,
    0x0400, 0x0400, 0x0400, 0x0400, 0x0400, 0x0400, 0x0400, 0x0400, 0x0400, 0x0400, 0x0400, 0x0400, 0x0400, 0x0400, 0x0400, 0x0400,
    0x0400, 0x0400, 0x0400, 0x0400, 0x0400, 0x0400, 0x0400, 0x0400, 0x0400, 0x0400, 0x0400, 0x0400, 0x0400, 0x0400, 0x0400, 0x0400,
    0x0400, 0x0400, 0x0400, 0x0400, 0x0400, 0x0400, 0x0400, 0x0400, 0x1D00, 0x1D00, 0x1D00, 0x1D00, 0x1D00, 0x1D00, 0x1D00, 0x0300,
    0x5100, 0x1D00, 0x1D00, 0x1D00, 0x1D00, 0x1D00, 0x1D00, 0x1D00, 0x1D00, 0x1D00, 0x1D00, 0x1D00, 0x1D00, 0x1D00, 0x1D00, 0x0518,
    0x0400, 0x0400, 0x0400, 0x0400, 0x0400, 0x0400, 0x0400, 0x0400, 0x0400, 0x0400, 0x0400, 0x0400, 0x0400, 0x0400, 0x0400, 0x0400,
    0x0400, 0x0400, 0x0400, 0x0400, 0x0400, 0x0400, 0x0400, 0x1D00, 0x1D00, 0x1D00, 0x1D00, 0x1D00, 0x1D00, 0x1D00, 0x1D00, 0x1D00,
    0x0400, 0x0400, 0x0400, 0x0400, 0x0400, 0x0400, 0x0400, 0x1D00, 0x0400, 0x0400, 0x0400, 0x0400, 0x0400, 0x0400, 0x0400, 0x1D00,
    0x0400, 0x0400, 0x0400, 0x0400, 0x0400, 0x0400, 0x0400, 0x1D00, 0x0400, 0x0400, 0x0400, 0x0400, 0x0400, 0x0400, 0x0400, 0x1D00,
    0x0400, 0x0400, 0x0400, 0x0400, 0x0400, 0x0400, 0x0400, 0x1D00, 0x0400, 0x0400, 0x0400, 0x0400, 0x0400, 0x0400, 0x0400, 0x1D00,
    0x0400, 0x0400, 0x0400, 0x0400, 0x0400, 0x0400, 0x0400, 0x1D00, 0x0400, 0x0400, 0x0400, 0x0400, 0x0400, 0x0400, 0x0400, 0x1D00,
    0x0518, 0x0518, 0x0518, 0x0518, 0x0518, 0x0518, 0x0518, 0x0518, 0x0518, 0x0518, 0x0518, 0x0518, 0x0518, 0x0518, 0x0518, 0x0518,
    0x0518, 0x0518, 0x0518, 0x0518, 0x0518, 0x0518, 0x0518, 0x0518, 0x0518, 0x0518, 0x0518, 0x0518, 0x0518, 0x0518, 0x0518, 0x0518,
    0x1109, 0x1109, 0x0F69, 0x1069, 0x0F69, 0x1069, 0x1109, 0x1109, 0x1109, 0x0F69, 0x1069, 0x1109, 0x0F69, 0x1069, 0x5109, 0x5109,
    0x5109, 0x5109, 0x5109, 0x5109, 0x5109, 0x5109, 0x1109, 0x4C09, 0x1109, 0x5109, 0x0C09, 0x1109, 0x0F69, 0x1069, 0x1109, 0x1109,
    0x0F69, 0x1069, 0x0D69, 0x0E69, 0x0D69, 0x0E69, 0x0D69, 0x0E69, 0x0D69, 0x0E69, 0x5109, 0x5109, 0x5109, 0x5109, 0x1109, 0x0309,
    0x5109, 0x5109, 0x1109, 0x5109, 0x5109, 0x1109, 0x1109, 0x1109, 0x1109, 0x1109, 0x0C09, 0x0C09, 0x5109, 0x5109, 0x5109, 0x1109,
    0x4C09, 0x5109, 0x0D09, 0x5109, 0x5109, 0x5109, 0x5109, 0x5109, 0x5109, 0x5109, 0x5109, 0x1109, 0x5109, 0x1109, 0x5109, 0x5109,
    0x1D00, 0x1D00, 0x1D00, 0x1D00, 0x1D00, 0x1D00, 0x1D00, 0x1D00, 0x1D00, 0x1D00, 0x1D00, 0x1D00, 0x1D00, 0x1D00, 0x1D00, 0x1D00,
    0x1D00, 0x1D00, 0x1D00, 0x1D00, 0x1D00, 0x1D00, 0x1D00, 0x1D00, 0x1D00, 0x1D00, 0x1D00, 0x1D00, 0x1D00, 0x1D00, 0x1D00, 0x1D00,
    0x1D00, 0x1D00, 0x1D00, 0x1D00, 0x1D00, 0x1D00, 0x1D00, 0x1D00, 0x1D00, 0x1D00, 0x1D00, 0x1D00, 0x1D00, 0x1D00, 0x1D00, 0x1D00,
    0x5509, 0x5509, 0x5509, 0x5509, 0x5509, 0x5509, 0x5509, 0x5509, 0x5509, 0x5509, 0x5509, 0x5509, 0x5509, 0x5509, 0x5509, 0x5509,
    0x5509, 0x5509, 0x5509, 0x5509, 0x5509, 0x5509, 0x5509, 0x5509, 0x5509, 0x5509, 0x1D00, 0x5509, 0x5509, 0x5509, 0x5509, 0x5509,
    0x5509, 0x5509, 0x5509, 0x5509, 0x5509, 0x5509, 0x5509, 0x5509, 0x5509, 0x5509, 0x5509, 0x5509, 0x5509, 0x5509, 0x5509, 0x5509,
    0x5509, 0x5509, 0x5509, 0x5509, 0x5509, 0x5509, 0x5509, 0x5509, 0x5509, 0x5509, 0x5509, 0x5509, 0x5509, 0x5509, 0x5509, 0x5509,
    0x5509, 0x5509, 0x5509, 0x5509, 0x5509, 0x5509, 0x5509, 0x5509, 0x5509, 0x5509, 0x5509, 0x5509, 0x5509, 0x5509, 0x5509, 0x5509,
    0x5509, 0x5509, 0x5509, 0x5509, 0x5509, 0x5509, 0x5509, 0x5509, 0x5509, 0x5509, 0x5509, 0x5509, 0x5509, 0x5509, 0x5509, 0x5509,
    0x5509, 0x5509, 0x5509, 0x5509, 0x5509, 0x5509, 0x5509, 0x5509, 0x5509, 0x5509, 0x5509, 0x5509, 0x5509, 0x5509, 0x5509, 0x5509,
    0x5509, 0x5509, 0x5509, 0x5509, 0x1D00, 0x1D00, 0x1D00, 0x1D00, 0x1D00, 0x1D00, 0x1D00, 0x1D00, 0x1D00, 0x1D00, 0x1D00, 0x1D00,
    0x5509, 0x5509, 0x5509, 0x5509, 0x5509, 0x5509, 0x5509, 0x5509, 0x5509, 0x5509, 0x5509, 0x5509, 0x5509, 0x5509, 0x5509, 0x5509,
    0x5509, 0x5509, 0x5509, 0x5509, 0x5509, 0x5509, 0x5509, 0x5509, 0x5509, 0x5509, 0x5509, 0x5509, 0x5509, 0x5509, 0x5509, 0x5509,
    0x5509, 0x5509, 0x5509, 0x5509, 0x5509, 0x5509, 0x5509, 0x5509, 0x5509, 0x5509, 0x5509, 0x5509, 0x5509, 0x5509, 0x5509, 0x5509,
    0x5509, 0x5509, 0x5509, 0x5509, 0x5509, 0x5509, 0x5509, 0x5509, 0x5509, 0x5509, 0x5509, 0x5509, 0x5509, 0x5509, 0x5509, 0x5509,
    0x5509, 0x5509, 0x5509, 0x5509, 0x5509, 0x5509, 0x5509, 0x5509, 0x5509, 0x5509, 0x5509, 0x5509, 0x5509, 0x5509, 0x5509, 0x5509,
    0x5509, 0x5509, 0x5509, 0x5509, 0x5509, 0x5509, 0x5509, 0x5509, 0x5509, 0x5509, 0x5509, 0x5509, 0x5509, 0x5509, 0x5509, 0x5509,
    0x5509, 0x5509, 0x5509, 0x5509, 0x5509, 0x5509, 0x5509, 0x5509, 0x5509, 0x5509, 0x5509, 0x5509, 0x5509, 0x5509, 0x5509, 0x5509,
    0x5509, 0x5509, 0x5509, 0x5509, 0x5509, 0x5509, 0x5509, 0x5509, 0x5509, 0x5509, 0x5509, 0x5509, 0x5509, 0x5509, 0x5509, 0x5509,
    0x5509, 0x5509, 0x5509, 0x5509, 0x5509, 0x5509, 0x5509, 0x5509, 0x5509, 0x5509, 0x5509, 0x5509, 0x5509, 0x5509, 0x5509, 0x5509,
    0x5509, 0x5509, 0x5509, 0x5509, 0x5509, 0x5509, 0x5509, 0x5509, 0x5509, 0x5509, 0x5509, 0x5509, 0x5509, 0x5509, 0x5509, 0x5509,
    0x5509, 0x5509, 0x5509, 0x5509, 0x5509, 0x5509, 0x5509, 0x5509, 0x5509, 0x5509, 0x5509, 0x5509, 0x5509, 0x5509, 0x5509, 0x5509,
    0x5509, 0x5509, 0x5509, 0x5509, 0x5509, 0x5509, 0x5509, 0x5509, 0x5509, 0x5509, 0x5509, 0x5509, 0x5509, 0x5509, 0x5509, 0x5509,
    0x5509, 0x5509, 0x5509, 0x5509, 0x5509, 0x5509, 0x5509, 0x5509, 0x5509, 0x5509, 0x5509, 0x5509, 0x5509, 0x5509, 0x5509, 0x5509,
    0x5509, 0x5509, 0x5509, 0x5509, 0x5509, 0x5509, 0x1D00, 0x1D00, 0x1D00, 0x1D00, 0x1D00, 0x1D00, 0x1D00, 0x1D00, 0x1D00, 0x1D00,
    0x1D00, 0x1D00, 0x1D00, 0x1D00, 0x1D00, 0x1D00, 0x1D00, 0x1D00, 0x1D00, 0x1D00, 0x1D00, 0x1D00, 0x1D00, 0x1D00, 0x1D00, 0x1D00,
    0x5509, 0x5509, 0x5509, 0x5509, 0x5509, 0x5509, 0x5509, 0x5509, 0x5509, 0x5509, 0x5509, 0x5509, 0x1D00, 0x1D00, 0x1D00, 0x1D00,
    0x760A, 0x1109, 0x1109, 0x5109, 0x5509, 0x0300, 0x4400, 0x4900, 0x0D69, 0x0E69, 0x0D69, 0x0E69, 0x0D69, 0x0E69, 0x0D69, 0x0E69,
    0x0D69, 0x0E69, 0x5509, 0x5509, 0x0D69, 0x0E69, 0x0D69, 0x0E69, 0x0D69, 0x0E69, 0x0D69, 0x0E69, 0x0C09, 0x0D09, 0x0E09, 0x0E09,
    0x5509, 0x4900, 0x4900, 0x4900, 0x4900, 0x4900, 0x4900, 0x4900, 0x4900, 0x4900, 0x0518, 0x0518, 0x0518, 0x0518, 0x0600, 0x0600,
    0x4C09, 0x4300, 0x4300, 0x4300, 0x4300, 0x0300, 0x5509, 0x5509, 0x4900, 0x4900, 0x4900, 0x0300, 0x0400, 0x5109, 0x5509, 0x5509,
    0x1D00, 0x0400, 0x4400, 0x0400, 0x4400, 0x0400, 0x4400, 0x0400, 0x4400, 0x0400, 0x4400, 0x4400, 0x4400, 0x4400, 0x4400, 0x4400,
    0x4400, 0x4400, 0x4400, 0x4400, 0x4400, 0x4400, 0x4400, 0x4400, 0x4400, 0x4400, 0x4400, 0x4400, 0x4400, 0x4400, 0x4400, 0x4400,
    0x4400, 0x4400, 0x4400, 0x0400, 0x4400, 0x4400, 0x4400, 0x4400, 0x4400, 0x4400, 0x4400, 0x4400, 0x4400, 0x4400, 0x4400, 0x4400,
    0x4400, 0x4400, 0x4400, 0x4400, 0x4400, 0x4400, 0x4400, 0x4400, 0x4400, 0x4400, 0x4400, 0x4400, 0x4400, 0x4400, 0x4400, 0x4400,
    0x4400, 0x4400, 0x4400, 0x0400, 0x4400, 0x0400, 0x4400, 0x0400, 0x4400, 0x4400, 0x4400, 0x4400, 0x4400, 0x4400, 0x0400, 0x4400,
    0x4400, 0x4400, 0x4400, 0x4400, 0x4400, 0x0400, 0x0400, 0x1D00, 0x1D00, 0x0518, 0x0518, 0x1409, 0x1409, 0x0300, 0x0300, 0x4400,
    0x0C09, 0x0400, 0x4400, 0x0400, 0x4400, 0x0400, 0x4400, 0x0400, 0x4400, 0x0400, 0x4400, 0x4400, 0x4400, 0x4400, 0x4400, 0x4400,
    0x4400, 0x4400, 0x4400, 0x4400, 0x4400, 0x4400, 0x4400, 0x4400, 0x4400, 0x4400, 0x4400, 0x4400, 0x4400, 0x4400, 0x4400, 0x4400,
    0x4400, 0x4400, 0x4400, 0x0400, 0x4400, 0x4400, 0x4400, 0x4400, 0x4400, 0x4400, 0x4400, 0x4400, 0x4400, 0x4400, 0x4400, 0x4400,
    0x4400, 0x4400, 0x4400, 0x4400, 0x4400, 0x4400, 0x4400, 0x4400, 0x4400, 0x4400, 0x4400, 0x4400, 0x4400, 0x4400, 0x4400, 0x4400,
    0x4400, 0x4400, 0x4400, 0x0400, 0x4400, 0x0400, 0x4400, 0x0400, 0x4400, 0x4400, 0x4400, 0x4400, 0x4400, 0x4400, 0x0400, 0x4400,
    0x4400, 0x4400, 0x4400, 0x4400, 0x4400, 0x0400, 0x0400, 0x4400, 0x4400, 0x4400, 0x4400, 0x1109, 0x0300, 0x0300, 0x0300, 0x4400,
    0x1D00, 0x1D00, 0x1D00, 0x1D00, 0x1D00, 0x4400, 0x4400, 0x4400, 0x4400, 0x4400, 0x4400, 0x4400, 0x4400, 0x4400, 0x4400, 0x4400,
    0x4400, 0x4400, 0x4400, 0x4400, 0x4400, 0x4400, 0x4400, 0x4400, 0x4400, 0x4400, 0x4400, 0x4400, 0x4400, 0x4400, 0x4400, 0x4400,
    0x4400, 0x4400, 0x4400, 0x4400, 0x4400, 0x4400, 0x4400, 0x4400, 0x4400, 0x4400, 0x4400, 0x4400, 0x4400, 0x4400, 0x4400, 0x4400,
    0x1D00, 0x4400, 0x4400, 0x4400, 0x4400, 0x4400, 0x4400, 0x4400, 0x4400, 0x4400, 0x4400, 0x4400, 0x4400, 0x4400, 0x4400, 0x4400,
    0x4400, 0x4400, 0x4400, 0x4400, 0x4400, 0x4400, 0x4400, 0x4400, 0x4400, 0x4400, 0x4400, 0x4400, 0x4400, 0x4400, 0x4400, 0x4400,
    0x4400, 0x4400, 0x4400, 0x4400, 0x4400, 0x4400, 0x4400, 0x4400, 0x4400, 0x4400, 0x4400, 0x4400, 0x4400, 0x4400, 0x4400, 0x4400,
    0x4400, 0x4400, 0x4400, 0x4400, 0x4400, 0x4400, 0x4400, 0x4400, 0x4400, 0x4400, 0x4400, 0x4400, 0x4400, 0x4400, 0x4400, 0x4400,
    0x4400, 0x4400, 0x4400, 0x4400, 0x4400, 0x4400, 0x4400, 0x4400, 0x4400, 0x4400, 0x4400, 0x4400, 0x4400, 0x4400, 0x4400, 0x4400,
    0x4400, 0x4400, 0x4400, 0x4400, 0x4400, 0x4400, 0x4400, 0x4400, 0x4400, 0x4400, 0x4400, 0x4400, 0x4400, 0x4400, 0x4400, 0x1D00,
    0x5500, 0x5500, 0x4A00, 0x4A00, 0x4A00, 0x4A00, 0x5500, 0x5500, 0x5500, 0x5500, 0x5500, 0x5500, 0x5500, 0x5500, 0x5500, 0x5500,
    0x4400, 0x4400, 0x4400, 0x4400, 0x4400, 0x4400, 0x4400, 0x4400, 0x4400, 0x4400, 0x4400, 0x4400, 0x4400, 0x4400, 0x4400, 0x4400,
    0x4400, 0x4400, 0x4400, 0x4400, 0x4400, 0x4400, 0x4400, 0x4400, 0x4400, 0x4400, 0x4400, 0x1D00, 0x1D00, 0x1D00, 0x1D00, 0x1D00,
    0x5509, 0x5509, 0x5509, 0x5509, 0x5509, 0x5509, 0x5509, 0x5509, 0x5509, 0x5509, 0x5509, 0x5509, 0x5509, 0x5509, 0x5509, 0x5509,
    0x5509, 0x5509, 0x5509, 0x5509, 0x5509, 0x5509, 0x5509, 0x5509, 0x5509, 0x5509, 0x5509, 0x5509, 0x5509, 0x5509, 0x5509, 0x5509,
    0x5509, 0x5509, 0x5509, 0x5509, 0x1D00, 0x1D00, 0x1D00, 0x1D00, 0x1D00, 0x1D00, 0x1D00, 0x1D00, 0x1D00, 0x1D00, 0x1D00, 0x1D00,
    0x0400, 0x0400, 0x0400, 0x0400, 0x0400, 0x0400, 0x0400, 0x0400, 0x0400, 0x0400, 0x0400, 0x0400, 0x0400, 0x0400, 0x0400, 0x0400,
    0x5500, 0x5500, 0x5500, 0x5500, 0x5500, 0x5500, 0x5500, 0x5500, 0x5500, 0x5500, 0x5500, 0x5500, 0x5500, 0x5500, 0x5500, 0x5500,
    0x5500, 0x5500, 0x5500, 0x5500, 0x5500, 0x5500, 0x5500, 0x5500, 0x5500, 0x5500, 0x5500, 0x5500, 0x5500, 0x5509, 0x5509, 0x1D00,
    0x4A00, 0x4A00, 0x4A00, 0x4A00, 0x4A00, 0x4A00, 0x4A00, 0x4A00, 0x4A00, 0x4A00, 0x5500, 0x5500, 0x5500, 0x5500, 0x5500, 0x5500,
    0x5500, 0x5500, 0x5500, 0x5500, 0x5500, 0x5500, 0x5500, 0x5500, 0x5500, 0x5500, 0x5500, 0x5500, 0x5500, 0x5500, 0x5500, 0x5500,
    0x5500, 0x5500, 0x5500, 0x5500, 0x5500, 0x5500, 0x5500, 0x5500, 0x4A00, 0x4A00, 0x4A00, 0x4A00, 0x4A00, 0x4A00, 0x4A00, 0x4A00,
    0x5509, 0x4A09, 0x4A09, 0x4A09, 0x4A09, 0x4A09, 0x4A09, 0x4A09, 0x4A09, 0x4A09, 0x4A09, 0x4A09, 0x4A09, 0x4A09, 0x4A09, 0x4A09,
    0x5500, 0x5500, 0x5500, 0x5500, 0x5500, 0x5500, 0x5500, 0x5500, 0x5500, 0x5500, 0x5500, 0x5500, 0x5500, 0x5500, 0x5500, 0x5500,
    0x5500, 0x5500, 0x5500, 0x5500, 0x5500, 0x5500, 0x5500, 0x5500, 0x5500, 0x5500, 0x5500, 0x5500, 0x5509, 0x5509, 0x5509, 0x5500,
    0x4A00, 0x4A00, 0x4A00, 0x4A00, 0x4A00, 0x4A00, 0x4A00, 0x4A00, 0x4A00, 0x4A00, 0x5500, 0x5500, 0x5500, 0x5500, 0x5500, 0x5500,
    0x5500, 0x5500, 0x5500, 0x5500, 0x5500, 0x5500, 0x5500, 0x5500, 0x5500, 0x5500, 0x5500, 0x5500, 0x5500, 0x5500, 0x5500, 0x5500,
    0x5500, 0x5500, 0x5500, 0x5500, 0x5500, 0x5500, 0x5500, 0x5500, 0x5500, 0x5500, 0x5500, 0x5500, 0x5500, 0x5500, 0x5500, 0x5500,
    0x5500, 0x4A09, 0x4A09, 0x4A09, 0x4A09, 0x4A09, 0x4A09, 0x4A09, 0x4A09, 0x4A09, 0x4A09, 0x4A09, 0x4A09, 0x4A09, 0x4A09, 0x4A09,
    0x5500, 0x5500, 0x5500, 0x5500, 0x5500, 0x5500, 0x5500, 0x5500, 0x5500, 0x5500, 0x5500, 0x5500, 0x5509, 0x5509, 0x5509, 0x5509,
    0x5500, 0x5500, 0x5500, 0x5500, 0x5500, 0x5500, 0x5500, 0x5500, 0x5500, 0x5500, 0x5500, 0x5500, 0x5500, 0x5500, 0x5500, 0x5500,
    0x5500, 0x5500, 0x5500, 0x5500, 0x5500, 0x5500, 0x5500, 0x5500, 0x5500, 0x5500, 0x5500, 0x5500, 0x5500, 0x5500, 0x5500, 0x5500,
    0x5500, 0x5500, 0x5500, 0x5500, 0x5500, 0x5500, 0x5500, 0x5500, 0x5500, 0x5500, 0x5500, 0x5500, 0x5500, 0x5500, 0x5500, 0x5500,
    0x5500, 0x5500, 0x5500, 0x5500, 0x5500, 0x5500, 0x5500, 0x5500, 0x5500, 0x5500, 0x5500, 0x5500, 0x5500, 0x5500, 0x5500, 0x5500,
    0x5500, 0x5500, 0x5500, 0x5500, 0x5500, 0x5500, 0x5500, 0x5500, 0x5500, 0x5500, 0x5500, 0x5500, 0x5500, 0x5500, 0x5500, 0x5500,
    0x5500, 0x5500, 0x5500, 0x5500, 0x5500, 0x5500, 0x5500, 0x5500, 0x5500, 0x5500, 0x5500, 0x5500, 0x5500, 0x5500, 0x5500, 0x5500,
    0x5500, 0x5500, 0x5500, 0x5500, 0x5500, 0x5500, 0x5500, 0x5500, 0x5500, 0x5500, 0x5500, 0x5500, 0x5500, 0x5500, 0x5500, 0x5500,
    0x5500, 0x5500, 0x5500, 0x5500, 0x5500, 0x5500, 0x5500, 0x5500, 0x5500, 0x5500, 0x5500, 0x5500, 0x5500, 0x5500, 0x5500, 0x5500,
    0x5500, 0x5500, 0x5500, 0x5500, 0x5500, 0x5500, 0x5500, 0x5500, 0x5500, 0x5500, 0x5500, 0x5500, 0x5500, 0x5500, 0x5500, 0x5500,
    0x5500, 0x5500, 0x5500, 0x5500, 0x5500, 0x5500, 0x5500, 0x5500, 0x5500, 0x5500, 0x5500, 0x5500, 0x5500, 0x5500, 0x5500, 0x5500,
    0x5500, 0x5500, 0x5500, 0x5500, 0x5500, 0x5500, 0x5500, 0x5509, 0x5509, 0x5509, 0x5509, 0x5500, 0x5500, 0x5500, 0x5500, 0x5500,
    0x5500, 0x5500, 0x5500, 0x5500, 0x5500, 0x5500, 0x5500, 0x5500, 0x5500, 0x5500, 0x5500, 0x5500, 0x5500, 0x5500, 0x5500, 0x5500,
    0x5500, 0x5500, 0x5500, 0x5500, 0x5500, 0x5500, 0x5500, 0x5500, 0x5500, 0x5500, 0x5500, 0x5500, 0x5500, 0x5500, 0x5500, 0x5500,
    0x5500, 0x5500, 0x5500, 0x5500, 0x5500, 0x5500, 0x5500, 0x5500, 0x5500, 0x5500, 0x5500, 0x5500, 0x5500, 0x5500, 0x5500, 0x5500,
    0x5500, 0x5500, 0x5500, 0x5500, 0x5500, 0x5500, 0x5500, 0x5500, 0x5500, 0x5500, 0x5500, 0x5500, 0x5500, 0x5500, 0x5500, 0x5500,
    0x5500, 0x5500, 0x5500, 0x5500, 0x5500, 0x5500, 0x5500, 0x5500, 0x5500, 0x5500, 0x5500, 0x5500, 0x5500, 0x5500, 0x5500, 0x5500,
    0x5500, 0x5500, 0x5500, 0x5500, 0x5500, 0x5500, 0x5500, 0x5500, 0x5500, 0x5500, 0x5500, 0x5500, 0x5500, 0x5500, 0x5509, 0x5509,
    0x5500, 0x5500, 0x5500, 0x5500, 0x5500, 0x5500, 0x5500, 0x5500, 0x5500, 0x5500, 0x5500, 0x5500, 0x5500, 0x5500, 0x5500, 0x5500,
    0x5500, 0x5500, 0x5500, 0x5500, 0x5500, 0x5500, 0x5500, 0x5500, 0x5500, 0x5500, 0x5500, 0x5500, 0x5500, 0x5500, 0x5500, 0x5509,
};

extern const uint16_t _unicode_info_4DB6_4DFF[] = {
    0x5D00, 0x5D00, 0x5D00, 0x5D00, 0x5D00, 0x5D00, 0x5D00, 0x5D00, 0x5D00, 0x5D00, 0x1509, 0x1509, 0x1509, 0x1509, 0x1509, 0x1509,
    0x1509, 0x1509, 0x1509, 0x1509, 0x1509, 0x1509, 0x1509, 0x1509, 0x1509, 0x1509, 0x1509, 0x1509, 0x1509, 0x1509, 0x1509, 0x1509,
    0x1509, 0x1509, 0x1509, 0x1509, 0x1509, 0x1509, 0x1509, 0x1509, 0x1509, 0x1509, 0x1509, 0x1509, 0x1509, 0x1509, 0x1509, 0x1509,
    0x1509, 0x1509, 0x1509, 0x1509, 0x1509, 0x1509, 0x1509, 0x1509, 0x1509, 0x1509, 0x1509, 0x1509, 0x1509, 0x1509, 0x1509, 0x1509,
    0x1509, 0x1509, 0x1509, 0x1509, 0x1509, 0x1509, 0x1509, 0x1509, 0x1509, 0x1509,
};

extern const uint16_t _unicode_info_9FF0_ABFF[] = {
    0x5D00, 0x5D00, 0x5D00, 0x5D00, 0x5D00, 0x5D00, 0x5D00, 0x5D00, 0x5D00, 0x5D00, 0x5D00, 0x5D00, 0x5D00, 0x5D00, 0x5D00, 0x5D00,
    0x4400, 0x4400, 0x4400, 0x4400, 0x4400, 0x4400, 0x4400, 0x4400, 0x4400, 0x4400, 0x4400, 0x4400, 0x4400, 0x4400, 0x4400, 0x4400,
    0x4400, 0x4400, 0x4400, 0x4400, 0x4400, 0x0300, 0x4400, 0x4400, 0x4400, 0x4400, 0x4400, 0x4400, 0x4400, 0x4400, 0x4400, 0x4400,
    0x4400, 0x4400, 0x4400, 0x4400, 0x4400, 0x4400, 0x4400, 0x4400, 0x4400, 0x4400, 0x4400, 0x4400, 0x4400, 0x4400, 0x4400, 0x4400,
    0x4400, 0x4400, 0x4400, 0x4400, 0x4400, 0x4400, 0x4400, 0x4400, 0x4400, 0x4400, 0x4400, 0x4400, 0x4400, 0x4400, 0x4400, 0x4400,
    0x4400, 0x4400, 0x4400, 0x4400, 0x4400, 0x4400, 0x4400, 0x4400, 0x4400, 0x4400, 0x4400, 0x4400, 0x4400, 0x4400, 0x4400, 0x4400,
    0x4400, 0x4400, 0x4400, 0x4400, 0x4400, 0x4400, 0x4400, 0x4400, 0x4400, 0x4400, 0x4400, 0x4400, 0x4400, 0x4400, 0x4400, 0x4400,
    0x4400, 0x4400, 0x4400, 0x4400, 0x4400, 0x4400, 0x4400, 0x4400, 0x4400, 0x4400, 0x4400, 0x4400, 0x4400, 0x4400, 0x4400, 0x4400,
    0x4400, 0x4400, 0x4400, 0x4400, 0x4400, 0x4400, 0x4400, 0x4400, 0x4400, 0x4400, 0x4400, 0x4400, 0x4400, 0x4400, 0x4400, 0x4400,
    0x4400, 0x4400, 0x4400, 0x4400, 0x4400, 0x4400, 0x4400, 0x4400, 0x4400, 0x4400, 0x4400, 0x4400, 0x4400, 0x4400, 0x4400, 0x4400,
    0x4400, 0x4400, 0x4400, 0x4400, 0x4400, 0x4400, 0x4400, 0x4400, 0x4400, 0x4400, 0x4400, 0x4400, 0x4400, 0x4400, 0x4400, 0x4400,
    0x4400, 0x4400, 0x4400, 0x4400, 0x4400, 0x4400, 0x4400, 0x4400, 0x4400, 0x4400, 0x4400, 0x4400, 0x4400, 0x4400, 0x4400, 0x4400,
    0x4400, 0x4400, 0x4400, 0x4400, 0x4400, 0x4400, 0x4400, 0x4400, 0x4400, 0x4400, 0x4400, 0x4400, 0x4400, 0x4400, 0x4400, 0x4400,
    0x4400, 0x4400, 0x4400, 0x4400, 0x4400, 0x4400, 0x4400, 0x4400, 0x4400, 0x4400, 0x4400, 0x4400, 0x4400, 0x4400, 0x4400, 0x4400,
    0x4400, 0x4400, 0x4400, 0x4400, 0x4400, 0x4400, 0x4400, 0x4400, 0x4400, 0x4400, 0x4400, 0x4400, 0x4400, 0x4400, 0x4400, 0x4400,
    0x4400, 0x4400, 0x4400, 0x4400, 0x4400, 0x4400, 0x4400, 0x4400, 0x4400, 0x4400, 0x4400, 0x4400, 0x4400, 0x4400, 0x4400, 0x4400,
    0x4400, 0x4400, 0x4400, 0x4400, 0x4400, 0x4400, 0x4400, 0x4400, 0x4400, 0x4400, 0x4400, 0x4400, 0x4400, 0x4400, 0x4400, 0x4400,
    0x4400, 0x4400, 0x4400, 0x4400, 0x4400, 0x4400, 0x4400, 0x4400, 0x4400, 0x4400, 0x4400, 0x4400, 0x4400, 0x4400, 0x4400, 0x4400,
    0x4400, 0x4400, 0x4400, 0x4400, 0x4400, 0x4400, 0x4400, 0x4400, 0x4400, 0x4400, 0x4400, 0x4400, 0x4400, 0x4400, 0x4400, 0x4400,
    0x4400, 0x4400, 0x4400, 0x4400, 0x4400, 0x4400, 0x4400, 0x4400, 0x4400, 0x4400, 0x4400, 0x4400, 0x4400, 0x4400, 0x4400, 0x4400,
    0x4400, 0x4400, 0x4400, 0x4400, 0x4400, 0x4400, 0x4400, 0x4400, 0x4400, 0x4400, 0x4400, 0x4400, 0x4400, 0x4400, 0x4400, 0x4400,
    0x4400, 0x4400, 0x4400, 0x4400, 0x4400, 0x4400, 0x4400, 0x4400, 0x4400, 0x4400, 0x4400, 0x4400, 0x4400, 0x4400, 0x4400, 0x4400,
    0x4400, 0x4400, 0x4400, 0x4400, 0x4400, 0x4400, 0x4400, 0x4400, 0x4400, 0x4400, 0x4400, 0x4400, 0x4400, 0x4400, 0x4400, 0x4400,
    0x4400, 0x4400, 0x4400, 0x4400, 0x4400, 0x4400, 0x4400, 0x4400, 0x4400, 0x4400, 0x4400, 0x4400, 0x4400, 0x4400, 0x4400, 0x4400,
    0x4400, 0x4400, 0x4400, 0x4400, 0x4400, 0x4400, 0x4400, 0x4400, 0x4400, 0x4400, 0x4400, 0x4400, 0x4400, 0x4400, 0x4400, 0x4400,
    0x4400, 0x4400, 0x4400, 0x4400, 0x4400, 0x4400, 0x4400, 0x4400, 0x4400, 0x4400, 0x4400, 0x4400, 0x4400, 0x4400, 0x4400, 0x4400,
    0x4400, 0x4400, 0x4400, 0x4400, 0x4400, 0x4400, 0x4400, 0x4400, 0x4400, 0x4400, 0x4400, 0x4400, 0x4400, 0x4400, 0x4400, 0x4400,
    0x4400, 0x4400, 0x4400, 0x4400, 0x4400, 0x4400, 0x4400, 0x4400, 0x4400, 0x4400, 0x4400, 0x4400, 0x4400, 0x4400, 0x4400, 0x4400,
    0x4400, 0x4400, 0x4400, 0x4400, 0x4400, 0x4400, 0x4400, 0x4400, 0x4400, 0x4400, 0x4400, 0x4400, 0x4400, 0x4400, 0x4400, 0x4400,
    0x4400, 0x4400, 0x4400, 0x4400, 0x4400, 0x4400, 0x4400, 0x4400, 0x4400, 0x4400, 0x4400, 0x4400, 0x4400, 0x4400, 0x4400, 0x4400,
    0x4400, 0x4400, 0x4400, 0x4400, 0x4400, 0x4400, 0x4400, 0x4400, 0x4400, 0x4400, 0x4400, 0x4400, 0x4400, 0x4400, 0x4400, 0x4400,
    0x4400, 0x4400, 0x4400, 0x4400, 0x4400, 0x4400, 0x4400, 0x4400, 0x4400, 0x4400, 0x4400, 0x4400, 0x4400, 0x4400, 0x4400, 0x4400,
    0x4400, 0x4400, 0x4400, 0x4400, 0x4400, 0x4400, 0x4400, 0x4400, 0x4400, 0x4400, 0x4400, 0x4400, 0x4400, 0x4400, 0x4400, 0x4400,
    0x4400, 0x4400, 0x4400, 0x4400, 0x4400, 0x4400, 0x4400, 0x4400, 0x4400, 0x4400, 0x4400, 0x4400, 0x4400, 0x4400, 0x4400, 0x4400,
    0x4400, 0x4400, 0x4400, 0x4400, 0x4400, 0x4400, 0x4400, 0x4400, 0x4400, 0x4400, 0x4400, 0x4400, 0x4400, 0x4400, 0x4400, 0x4400,
    0x4400, 0x4400, 0x4400, 0x4400, 0x4400, 0x4400, 0x4400, 0x4400, 0x4400, 0x4400, 0x4400, 0x4400, 0x4400, 0x4400, 0x4400, 0x4400,
    0x4400, 0x4400, 0x4400, 0x4400, 0x4400, 0x4400, 0x4400, 0x4400, 0x4400, 0x4400, 0x4400, 0x4400, 0x4400, 0x4400, 0x4400, 0x4400,
    0x4400, 0x4400, 0x4400, 0x4400, 0x4400, 0x4400, 0x4400, 0x4400, 0x4400, 0x4400, 0x4400, 0x4400, 0x4400, 0x4400, 0x4400, 0x4400,
    0x4400, 0x4400, 0x4400, 0x4400, 0x4400, 0x4400, 0x4400, 0x4400, 0x4400, 0x4400, 0x4400, 0x4400, 0x4400, 0x4400, 0x4400, 0x4400,
    0x4400, 0x4400, 0x4400, 0x4400, 0x4400, 0x4400, 0x4400, 0x4400, 0x4400, 0x4400, 0x4400, 0x4400, 0x4400, 0x4400, 0x4400, 0x4400,
    0x4400, 0x4400, 0x4400, 0x4400, 0x4400, 0x4400, 0x4400, 0x4400, 0x4400, 0x4400, 0x4400, 0x4400, 0x4400, 0x4400, 0x4400, 0x4400,
    0x4400, 0x4400, 0x4400, 0x4400, 0x4400, 0x4400, 0x4400, 0x4400, 0x4400, 0x4400, 0x4400, 0x4400, 0x4400, 0x4400, 0x4400, 0x4400,
    0x4400, 0x4400, 0x4400, 0x4400, 0x4400, 0x4400, 0x4400, 0x4400, 0x4400, 0x4400, 0x4400, 0x4400, 0x4400, 0x4400, 0x4400, 0x4400,
    0x4400, 0x4400, 0x4400, 0x4400, 0x4400, 0x4400, 0x4400, 0x4400, 0x4400, 0x4400, 0x4400, 0x4400, 0x4400, 0x4400, 0x4400, 0x4400,
    0x4400, 0x4400, 0x4400, 0x4400, 0x4400, 0x4400, 0x4400, 0x4400, 0x4400, 0x4400, 0x4400, 0x4400, 0x4400, 0x4400, 0x4400, 0x4400,
    0x4400, 0x4400, 0x4400, 0x4400, 0x4400, 0x4400, 0x4400, 0x4400, 0x4400, 0x4400, 0x4400, 0x4400, 0x4400, 0x4400, 0x4400, 0x4400,
    0x4400, 0x4400, 0x4400, 0x4400, 0x4400, 0x4400, 0x4400, 0x4400, 0x4400, 0x4400, 0x4400, 0x4400, 0x4400, 0x4400, 0x4400, 0x4400,
    0x4400, 0x4400, 0x4400, 0x4400, 0x4400, 0x4400, 0x4400, 0x4400, 0x4400, 0x4400, 0x4400, 0x4400, 0x4400, 0x4400, 0x4400, 0x4400,
    0x4400, 0x4400, 0x4400, 0x4400, 0x4400, 0x4400, 0x4400, 0x4400, 0x4400, 0x4400, 0x4400, 0x4400, 0x4400, 0x4400, 0x4400, 0x4400,
    0x4400, 0x4400, 0x4400, 0x4400, 0x4400, 0x4400, 0x4400, 0x4400, 0x4400, 0x4400, 0x4400, 0x4400, 0x4400, 0x4400, 0x4400, 0x4400,
    0x4400, 0x4400, 0x4400, 0x4400, 0x4400, 0x4400, 0x4400, 0x4400, 0x4400, 0x4400, 0x4400, 0x4400, 0x4400, 0x4400, 0x4400, 0x4400,
    0x4400, 0x4400, 0x4400, 0x4400, 0x4400, 0x4400, 0x4400, 0x4400, 0x4400, 0x4400, 0x4400, 0x4400, 0x4400, 0x4400, 0x4400, 0x4400,
    0x4400, 0x4400, 0x4400, 0x4400, 0x4400, 0x4400, 0x4400, 0x4400, 0x4400, 0x4400, 0x4400, 0x4400, 0x4400, 0x4400, 0x4400, 0x4400,
    0x4400, 0x4400, 0x4400, 0x4400, 0x4400, 0x4400, 0x4400, 0x4400, 0x4400, 0x4400, 0x4400, 0x4400, 0x4400, 0x4400, 0x4400, 0x4400,
    0x4400, 0x4400, 0x4400, 0x4400, 0x4400, 0x4400, 0x4400, 0x4400, 0x4400, 0x4400, 0x4400, 0x4400, 0x4400, 0x4400, 0x4400, 0x4400,
    0x4400, 0x4400, 0x4400, 0x4400, 0x4400, 0x4400, 0x4400, 0x4400, 0x4400, 0x4400, 0x4400, 0x4400, 0x4400, 0x4400, 0x4400, 0x4400,
    0x4400, 0x4400, 0x4400, 0x4400, 0x4400, 0x4400, 0x4400, 0x4400, 0x4400, 0x4400, 0x4400, 0x4400, 0x4400, 0x4400, 0x4400, 0x4400,
    0x4400, 0x4400, 0x4400, 0x4400, 0x4400, 0x4400, 0x4400, 0x4400, 0x4400, 0x4400, 0x4400, 0x4400, 0x4400, 0x4400, 0x4400, 0x4400,
    0x4400, 0x4400, 0x4400, 0x4400, 0x4400, 0x4400, 0x4400, 0x4400, 0x4400, 0x4400, 0x4400, 0x4400, 0x4400, 0x4400, 0x4400, 0x4400,
    0x4400, 0x4400, 0x4400, 0x4400, 0x4400, 0x4400, 0x4400, 0x4400, 0x4400, 0x4400, 0x4400, 0x4400, 0x4400, 0x4400, 0x4400, 0x4400,
    0x4400, 0x4400, 0x4400, 0x4400, 0x4400, 0x4400, 0x4400, 0x4400, 0x4400, 0x4400, 0x4400, 0x4400, 0x4400, 0x4400, 0x4400, 0x4400,
    0x4400, 0x4400, 0x4400, 0x4400, 0x4400, 0x4400, 0x4400, 0x4400, 0x4400, 0x4400, 0x4400, 0x4400, 0x4400, 0x4400, 0x4400, 0x4400,
    0x4400, 0x4400, 0x4400, 0x4400, 0x4400, 0x4400, 0x4400, 0x4400, 0x4400, 0x4400, 0x4400, 0x4400, 0x4400, 0x4400, 0x4400, 0x4400,
    0x4400, 0x4400, 0x4400, 0x4400, 0x4400, 0x4400, 0x4400, 0x4400, 0x4400, 0x4400, 0x4400, 0x4400, 0x4400, 0x4400, 0x4400, 0x4400,
    0x4400, 0x4400, 0x4400, 0x4400, 0x4400, 0x4400, 0x4400, 0x4400, 0x4400, 0x4400, 0x4400, 0x4400, 0x4400, 0x4400, 0x4400, 0x4400,
    0x4400, 0x4400, 0x4400, 0x4400, 0x4400, 0x4400, 0x4400, 0x4400, 0x4400, 0x4400, 0x4400, 0x4400, 0x4400, 0x4400, 0x4400, 0x4400,
    0x4400, 0x4400, 0x4400, 0x4400, 0x4400, 0x4400, 0x4400, 0x4400, 0x4400, 0x4400, 0x4400, 0x4400, 0x4400, 0x4400, 0x4400, 0x4400,
    0x4400, 0x4400, 0x4400, 0x4400, 0x4400, 0x4400, 0x4400, 0x4400, 0x4400, 0x4400, 0x4400, 0x4400, 0x4400, 0x4400, 0x4400, 0x4400,
    0x4400, 0x4400, 0x4400, 0x4400, 0x4400, 0x4400, 0x4400, 0x4400, 0x4400, 0x4400, 0x4400, 0x4400, 0x4400, 0x4400, 0x4400, 0x4400,
    0x4400, 0x4400, 0x4400, 0x4400, 0x4400, 0x4400, 0x4400, 0x4400, 0x4400, 0x4400, 0x4400, 0x4400, 0x4400, 0x4400, 0x4400, 0x4400,
    0x4400, 0x4400, 0x4400, 0x4400, 0x4400, 0x4400, 0x4400, 0x4400, 0x4400, 0x4400, 0x4400, 0x4400, 0x4400, 0x4400, 0x4400, 0x4400,
    0x4400, 0x4400, 0x4400, 0x4400, 0x4400, 0x4400, 0x4400, 0x4400, 0x4400, 0x4400, 0x4400, 0x4400, 0x4400, 0x4400, 0x4400, 0x4400,
    0x4400, 0x4400, 0x4400, 0x4400, 0x4400, 0x4400, 0x4400, 0x4400, 0x4400, 0x4400, 0x4400, 0x4400, 0x4400, 0x4400, 0x4400, 0x4400,
    0x4400, 0x4400, 0x4400, 0x4400, 0x4400, 0x4400, 0x4400, 0x4400, 0x4400, 0x4400, 0x4400, 0x4400, 0x4400, 0x1D00, 0x1D00, 0x1D00,
    0x5509, 0x5509, 0x5509, 0x5509, 0x5509, 0x5509, 0x5509, 0x5509, 0x5509, 0x5509, 0x5509, 0x5509, 0x5509, 0x5509, 0x5509, 0x5509,
    0x5509, 0x5509, 0x5509, 0x5509, 0x5509, 0x5509, 0x5509, 0x5509, 0x5509, 0x5509, 0x5509, 0x5509, 0x5509, 0x5509, 0x5509, 0x5509,
    0x5509, 0x5509, 0x5509, 0x5509, 0x5509, 0x5509, 0x5509, 0x5509, 0x5509, 0x5509, 0x5509, 0x5509, 0x5509, 0x5509, 0x5509, 0x5509,
    0x5509, 0x5509, 0x5509, 0x5509, 0x5509, 0x5509, 0x5509, 0x1D00, 0x1D00, 0x1D00, 0x1D00, 0x1D00, 0x1D00, 0x1D00, 0x1D00, 0x1D00,
    0x0400, 0x0400, 0x0400, 0x0400, 0x0400, 0x0400, 0x0400, 0x0400, 0x0400, 0x0400, 0x0400, 0x0400, 0x0400, 0x0400, 0x0400, 0x0400,
    0x0400, 0x0400, 0x0400, 0x0400, 0x0400, 0x0400, 0x0400, 0x0400, 0x0400, 0x0400, 0x0400, 0x0400, 0x0400, 0x0400, 0x0400, 0x0400,
    0x0400, 0x0400, 0x0400, 0x0400, 0x0400, 0x0400, 0x0400, 0x0400, 0x0300, 0x0300, 0x0300, 0x0300, 0x0300, 0x0300, 0x5100, 0x5100,
    0x0400, 0x0400, 0x0400, 0x0400, 0x0400, 0x0400, 0x0400, 0x0400, 0x0400, 0x0400, 0x0400, 0x0400, 0x0400, 0x0400, 0x0400, 0x0400,
    0x0400, 0x0400, 0x0400, 0x0400, 0x0400, 0x0400, 0x0400, 0x0400, 0x0400, 0x0400, 0x0400, 0x0400, 0x0400, 0x0400, 0x0400, 0x0400,
    0x0400, 0x0400, 0x0400, 0x0400, 0x0400, 0x0400, 0x0400, 0x0400, 0x0400, 0x0400, 0x0400, 0x0400, 0x0400, 0x0400, 0x0400, 0x0400,
    0x0400, 0x0400, 0x0400, 0x0400, 0x0400, 0x0400, 0x0400, 0x0400, 0x0400, 0x0400, 0x0400, 0x0400, 0x0400, 0x0400, 0x0400, 0x0400,
    0x0400, 0x0400, 0x0400, 0x0400, 0x0400, 0x0400, 0x0400, 0x0400, 0x0400, 0x0400, 0x0400, 0x0400, 0x0400, 0x0400, 0x0400, 0x0400,
    0x0400, 0x0400, 0x0400, 0x0400, 0x0400, 0x0400, 0x0400, 0x0400, 0x0400, 0x0400, 0x0400, 0x0400, 0x0400, 0x0400, 0x0400, 0x0400,
    0x0400, 0x0400, 0x0400, 0x0400, 0x0400, 0x0400, 0x0400, 0x0400, 0x0400, 0x0400, 0x0400, 0x0400, 0x0400, 0x0400, 0x0400, 0x0400,
    0x0400, 0x0400, 0x0400, 0x0400, 0x0400, 0x0400, 0x0400, 0x0400, 0x0400, 0x0400, 0x0400, 0x0400, 0x0400, 0x0400, 0x0400, 0x0400,
    0x0400, 0x0400, 0x0400, 0x0400, 0x0400, 0x0400, 0x0400, 0x0400, 0x0400, 0x0400, 0x0400, 0x0400, 0x0400, 0x0400, 0x0400, 0x0400,
    0x0400, 0x0400, 0x0400, 0x0400, 0x0400, 0x0400, 0x0400, 0x0400, 0x0400, 0x0400, 0x0400, 0x0400, 0x0400, 0x0400, 0x0400, 0x0400,
    0x0400, 0x0400, 0x0400, 0x0400, 0x0400, 0x0400, 0x0400, 0x0400, 0x0400, 0x0400, 0x0400, 0x0400, 0x0400, 0x0400, 0x0400, 0x0400,
    0x0400, 0x0400, 0x0400, 0x0400, 0x0400, 0x0400, 0x0400, 0x0400, 0x0400, 0x0400, 0x0400, 0x0400, 0x0400, 0x0400, 0x0400, 0x0400,
    0x0400, 0x0400, 0x0400, 0x0400, 0x0400, 0x0400, 0x0400, 0x0400, 0x0400, 0x0400, 0x0400, 0x0400, 0x0400, 0x0400, 0x0400, 0x0400,
    0x0400, 0x0400, 0x0400, 0x0400, 0x0400, 0x0400, 0x0400, 0x0400, 0x0400, 0x0400, 0x0400, 0x0400, 0x0400, 0x0400, 0x0400, 0x0400,
    0x0400, 0x0400, 0x0400, 0x0400, 0x0400, 0x0400, 0x0400, 0x0400, 0x0400, 0x0400, 0x0400, 0x0400, 0x0400, 0x0400, 0x0400, 0x0400,
    0x0400, 0x0400, 0x0400, 0x0400, 0x0400, 0x0400, 0x0400, 0x0400, 0x0400, 0x0400, 0x0400, 0x0400, 0x0400, 0x0400, 0x0400, 0x0400,
    0x0400, 0x0400, 0x0400, 0x0400, 0x0400, 0x0400, 0x0400, 0x0400, 0x0400, 0x0400, 0x0400, 0x0400, 0x0300, 0x5109, 0x1109, 0x5109,
    0x0400, 0x0400, 0x0400, 0x0400, 0x0400, 0x0400, 0x0400, 0x0400, 0x0400, 0x0400, 0x0400, 0x0400, 0x0400, 0x0400, 0x0400, 0x0400,
    0x0800, 0x0800, 0x0800, 0x0800, 0x0800, 0x0800, 0x0800, 0x0800, 0x0800, 0x0800, 0x0400, 0x0400, 0x1D00, 0x1D00, 0x1D00, 0x1D00,
    0x1D00, 0x1D00, 0x1D00, 0x1D00, 0x1D00, 0x1D00, 0x1D00, 0x1D00, 0x1D00, 0x1D00, 0x1D00, 0x1D00, 0x1D00, 0x1D00, 0x1D00, 0x1D00,
    0x0000, 0x0100, 0x0000, 0x0100, 0x0000, 0x0100, 0x0000, 0x0100, 0x0000, 0x0100, 0x0000, 0x0100, 0x0000, 0x0100, 0x0000, 0x0100,
    0x0000, 0x0100, 0x0000, 0x0100, 0x0000, 0x0100, 0x0000, 0x0100, 0x0000, 0x0100, 0x0000, 0x0100, 0x0000, 0x0100, 0x0000, 0x0100,
    0x0000, 0x0100, 0x0000, 0x0100, 0x0000, 0x0100, 0x0000, 0x0100, 0x0000, 0x0100, 0x0000, 0x0100, 0x0000, 0x0100, 0x0400, 0x0518,
    0x0718, 0x0718, 0x0718, 0x1109, 0x0518, 0x0518, 0x0518, 0x0518, 0x0518, 0x0518, 0x0518, 0x0518, 0x0518, 0x0518, 0x1109, 0x0309,
    0x0000, 0x0100, 0x0000, 0x0100, 0x0000, 0x0100, 0x0000, 0x0100, 0x0000, 0x0100, 0x0000, 0x0100, 0x0000, 0x0100, 0x0000, 0x0100,
    0x0000, 0x0100, 0x0000, 0x0100, 0x0000, 0x0100, 0x0000, 0x0100, 0x0000, 0x0100, 0x0000, 0x0100, 0x0300, 0x0300, 0x0518, 0x0518,
    0x0400, 0x0400, 0x0400, 0x0400, 0x0400, 0x0400, 0x0400, 0x0400, 0x0400, 0x0400, 0x0400, 0x0400, 0x0400, 0x0400, 0x0400, 0x0400,
    0x0400, 0x0400, 0x0400, 0x0400, 0x0400, 0x0400, 0x0400, 0x0400, 0x0400, 0x0400, 0x0400, 0x0400, 0x0400, 0x0400, 0x0400, 0x0400,
    0x0400, 0x0400, 0x0400, 0x0400, 0x0400, 0x0400, 0x0400, 0x0400, 0x0400, 0x0400, 0x0400, 0x0400, 0x0400, 0x0400, 0x0400, 0x0400,
    0x0400, 0x0400, 0x0400, 0x0400, 0x0400, 0x0400, 0x0400, 0x0400, 0x0400, 0x0400, 0x0400, 0x0400, 0x0400, 0x0400, 0x0400, 0x0400,
    0x0400, 0x0400, 0x0400, 0x0400, 0x0400, 0x0400, 0x0900, 0x0900, 0x0900, 0x0900, 0x0900, 0x0900, 0x0900, 0x0900, 0x0900, 0x0900,
    0x0518, 0x0518, 0x1100, 0x5100, 0x5100, 0x5100, 0x5100, 0x5100, 0x1D00, 0x1D00, 0x1D00, 0x1D00, 0x1D00, 0x1D00, 0x1D00, 0x1D00,
    0x1409, 0x1409, 0x1409, 0x1409, 0x1409, 0x1409, 0x1409, 0x1409, 0x1409, 0x1409, 0x1409, 0x1409, 0x1409, 0x1409, 0x1409, 0x1409,
    0x1409, 0x1409, 0x1409, 0x1409, 0x1409, 0x1409, 0x1409, 0x0309, 0x0309, 0x0309, 0x0309, 0x0309, 0x0309, 0x0309, 0x0309, 0x0309,
    0x1409, 0x1409, 0x0000, 0x0100, 0x0000, 0x0100, 0x0000, 0x0100, 0x0000, 0x0100, 0x0000, 0x0100, 0x0000, 0x0100, 0x0000, 0x0100,
    0x0100, 0x0100, 0x0000, 0x0100, 0x0000, 0x0100, 0x0000, 0x0100, 0x0000, 0x0100, 0x0000, 0x0100, 0x0000, 0x0100, 0x0000, 0x0100,
    0x0000, 0x0100, 0x0000, 0x0100, 0x0000, 0x0100, 0x0000, 0x0100, 0x0000, 0x0100, 0x0000, 0x0100, 0x0000, 0x0100, 0x0000, 0x0100,
    0x0000, 0x0100, 0x0000, 0x0100, 0x0000, 0x0100, 0x0000, 0x0100, 0x0000, 0x0100, 0x0000, 0x0100, 0x0000, 0x0100, 0x0000, 0x0100,
    0x0000, 0x0100, 0x0000, 0x0100, 0x0000, 0x0100, 0x0000, 0x0100, 0x0000, 0x0100, 0x0000, 0x0100, 0x0000, 0x0100, 0x0000, 0x0100,
    0x0300, 0x0100, 0x0100, 0x0100, 0x0100, 0x0100, 0x0100, 0x0100, 0x0100, 0x0000, 0x0100, 0x0000, 0x0100, 0x0000, 0x0000, 0x0100,
    0x0000, 0x0100, 0x0000, 0x0100, 0x0000, 0x0100, 0x0000, 0x0100, 0x0309, 0x1400, 0x1400, 0x0000, 0x0100, 0x0000, 0x0100, 0x0400,
    0x0000, 0x0100, 0x0000, 0x0100, 0x0100, 0x0100, 0x0000, 0x0100, 0x0000, 0x0100, 0x0000, 0x0100, 0x0000, 0x0100, 0x0000, 0x0100,
    0x0000, 0x0100, 0x0000, 0x0100, 0x0000, 0x0100, 0x0000, 0x0100, 0x0000, 0x0100, 0x0000, 0x0000, 0x0000, 0x0000, 0x0000, 0x0100,
    0x0000, 0x0000, 0x0000, 0x0000, 0x0000, 0x0100, 0x0000, 0x0100, 0x0000, 0x0100, 0x0000, 0x0100, 0x0000, 0x0100, 0x0000, 0x0100,
    0x1D00, 0x1D00, 0x0000, 0x0100, 0x0000, 0x0000, 0x0000, 0x1D00, 0x1D00, 0x1D00, 0x1D00, 0x1D00, 0x1D00, 0x1D00, 0x1D00, 0x1D00,
    0x1D00, 0x1D00, 0x1D00, 0x1D00, 0x1D00, 0x1D00, 0x1D00, 0x1D00, 0x1D00, 0x1D00, 0x1D00, 0x1D00, 0x1D00, 0x1D00, 0x1D00, 0x1D00,
    0x1D00, 0x1D00, 0x1D00, 0x1D00, 0x1D00, 0x1D00, 0x1D00, 0x1D00, 0x1D00, 0x1D00, 0x1D00, 0x1D00, 0x1D00, 0x1D00, 0x1D00, 0x1D00,
    0x1D00, 0x1D00, 0x1D00, 0x1D00, 0x1D00, 0x1D00, 0x1D00, 0x0400, 0x0300, 0x0300, 0x0100, 0x0400, 0x0400, 0x0400, 0x0400, 0x0400,
    0x0400, 0x0400, 0x0518, 0x0400, 0x0400, 0x0400, 0x0518, 0x0400, 0x0400, 0x0400, 0x0400, 0x0518, 0x0400, 0x0400, 0x0400, 0x0400,
    0x0400, 0x0400, 0x0400, 0x0400, 0x0400, 0x0400, 0x0400, 0x0400, 0x0400, 0x0400, 0x0400, 0x0400, 0x0400, 0x0400, 0x0400, 0x0400,
    0x0400, 0x0400, 0x0400, 0x0600, 0x0600, 0x0518, 0x0518, 0x0600, 0x1509, 0x1509, 0x1509, 0x1509, 0x1D00, 0x1D00, 0x1D00, 0x1D00,
    0x0A00, 0x0A00, 0x0A00, 0x0A00, 0x0A00, 0x0A00, 0x1500, 0x1500, 0x1306, 0x1506, 0x1D00, 0x1D00, 0x1D00, 0x1D00, 0x1D00, 0x1D00,
    0x0400, 0x0400, 0x0400, 0x0400, 0x0400, 0x0400, 0x0400, 0x0400, 0x0400, 0x0400, 0x0400, 0x0400, 0x0400, 0x0400, 0x0400, 0x0400,
    0x0400, 0x0400, 0x0400, 0x0400, 0x0400, 0x0400, 0x0400, 0x0400, 0x0400, 0x0400, 0x0400, 0x0400, 0x0400, 0x0400, 0x0400, 0x0400,
    0x0400, 0x0400, 0x0400, 0x0400, 0x0400, 0x0400, 0x0400, 0x0400, 0x0400, 0x0400, 0x0400, 0x0400, 0x0400, 0x0400, 0x0400, 0x0400,
    0x0400, 0x0400, 0x0400, 0x0400, 0x1109, 0x1109, 0x1109, 0x1109, 0x1D00, 0x1D00, 0x1D00, 0x1D00, 0x1D00, 0x1D00, 0x1D00, 0x1D00,
    0x0600, 0x0600, 0x0400, 0x0400, 0x0400, 0x0400, 0x0400, 0x0400, 0x0400, 0x0400, 0x0400, 0x0400, 0x0400, 0x0400, 0x0400, 0x0400,
    0x0400, 0x0400, 0x0400, 0x0400, 0x0400, 0x0400, 0x0400, 0x0400, 0x0400, 0x0400, 0x0400, 0x0400, 0x0400, 0x0400, 0x0400, 0x0400,
    0x0400, 0x0400, 0x0400, 0x0400, 0x0400, 0x0400, 0x0400, 0x0400, 0x0400, 0x0400, 0x0400, 0x0400, 0x0400, 0x0400, 0x0400, 0x0400,
    0x0400, 0x0400, 0x0400, 0x0400, 0x0600, 0x0600, 0x0600, 0x0600, 0x0600, 0x0600, 0x0600, 0x0600, 0x0600, 0x0600, 0x0600, 0x0600,
    0x0600, 0x0600, 0x0600, 0x0600, 0x0518, 0x0518, 0x1D00, 0x1D00, 0x1D00, 0x1D00, 0x1D00, 0x1D00, 0x1D00, 0x1D00, 0x5100, 0x5100,
    0x0800, 0x0800, 0x0800, 0x0800, 0x0800, 0x0800, 0x0800, 0x0800, 0x0800, 0x0800, 0x1D00, 0x1D00, 0x1D00, 0x1D00, 0x1D00, 0x1D00,
    0x0518, 0x0518, 0x0518, 0x0518, 0x0518, 0x0518, 0x0518, 0x0518, 0x0518, 0x0518, 0x0518, 0x0518, 0x0518, 0x0518, 0x0518, 0x0518,
    0x0518, 0x0518, 0x0400, 0x0400, 0x0400, 0x0400, 0x0400, 0x0400, 0x1100, 0x1100, 0x1100, 0x0400, 0x1100, 0x0400, 0x0400, 0x0518,
    0x0800, 0x0800, 0x0800, 0x0800, 0x0800, 0x0800, 0x0800, 0x0800, 0x0800, 0x0800, 0x0400, 0x0400, 0x0400, 0x0400, 0x0400, 0x0400,
    0x0400, 0x0400, 0x0400, 0x0400, 0x0400, 0x0400, 0x0400, 0x0400, 0x0400, 0x0400, 0x0400, 0x0400, 0x0400, 0x0400, 0x0400, 0x0400,
    0x0400, 0x0400, 0x0400, 0x0400, 0x0400, 0x0400, 0x0518, 0x0518, 0x0518, 0x0518, 0x0518, 0x0518, 0x0518, 0x0518, 0x5100, 0x5100,
    0x0400, 0x0400, 0x0400, 0x0400, 0x0400, 0x0400, 0x0400, 0x0400, 0x0400, 0x0400, 0x0400, 0x0400, 0x0400, 0x0400, 0x0400, 0x0400,
    0x0400, 0x0400, 0x0400, 0x0400, 0x0400, 0x0400, 0x0400, 0x0518, 0x0518, 0x0518, 0x0518, 0x0518, 0x0518, 0x0518, 0x0518, 0x0518,
    0x0518, 0x0518, 0x0600, 0x0600, 0x1D00, 0x1D00, 0x1D00, 0x1D00, 0x1D00, 0x1D00, 0x1D00, 0x1D00, 0x1D00, 0x1D00, 0x1D00, 0x1100,
    0x0400, 0x0400, 0x0400, 0x0400, 0x0400, 0x0400, 0x0400, 0x0400, 0x0400, 0x0400, 0x0400, 0x0400, 0x0400, 0x0400, 0x0400, 0x0400,
    0x0400, 0x0400, 0x0400, 0x0400, 0x0400, 0x0400, 0x0400, 0x0400, 0x0400, 0x0400, 0x0400, 0x0400, 0x0400, 0x1D00, 0x1D00, 0x1D00,
    0x0518, 0x0518, 0x0518, 0x0600, 0x0400, 0x0400, 0x0400, 0x0400, 0x0400, 0x0400, 0x0400, 0x0400, 0x0400, 0x0400, 0x0400, 0x0400,
    0x0400, 0x0400, 0x0400, 0x0400, 0x0400, 0x0400, 0x0400, 0x0400, 0x0400, 0x0400, 0x0400, 0x0400, 0x0400, 0x0400, 0x0400, 0x0400,
    0x0400, 0x0400, 0x0400, 0x0400, 0x0400, 0x0400, 0x0400, 0x0400, 0x0400, 0x0400, 0x0400, 0x0400, 0x0400, 0x0400, 0x0400, 0x0400,
    0x0400, 0x0400, 0x0400, 0x0518, 0x0600, 0x0600, 0x0518, 0x0518, 0x0518, 0x0518, 0x0600, 0x0600, 0x0518, 0x0518, 0x0600, 0x0600,
    0x0600, 0x1100, 0x1100, 0x1100, 0x1100, 0x1100, 0x1100, 0x5100, 0x5100, 0x5100, 0x1100, 0x1100, 0x1100, 0x1100, 0x1D00, 0x0300,
    0x0800, 0x0800, 0x0800, 0x0800, 0x0800, 0x0800, 0x0800, 0x0800, 0x0800, 0x0800, 0x1D00, 0x1D00, 0x1D00, 0x1D00, 0x1100, 0x1100,
    0x0400, 0x0400, 0x0400, 0x0400, 0x0400, 0x0518, 0x0300, 0x0400, 0x0400, 0x0400, 0x0400, 0x0400, 0x0400, 0x0400, 0x0400, 0x0400,
    0x0800, 0x0800, 0x0800, 0x0800, 0x0800, 0x0800, 0x0800, 0x0800, 0x0800, 0x0800, 0x0400, 0x0400, 0x0400, 0x0400, 0x0400, 0x1D00,
    0x0400, 0x0400, 0x0400, 0x0400, 0x0400, 0x0400, 0x0400, 0x0400, 0x0400, 0x0400, 0x0400, 0x0400, 0x0400, 0x0400, 0x0400, 0x0400,
    0x0400, 0x0400, 0x0400, 0x0400, 0x0400, 0x0400, 0x0400, 0x0400, 0x0400, 0x0400, 0x0400, 0x0400, 0x0400, 0x0400, 0x0400, 0x0400,
    0x0400, 0x0400, 0x0400, 0x0400, 0x0400, 0x0400, 0x0400, 0x0400, 0x0400, 0x0518, 0x0518, 0x0518, 0x0518, 0x0518, 0x0518, 0x0600,
    0x0600, 0x0518, 0x0518, 0x0600, 0x0600, 0x0518, 0x0518, 0x1D00, 0x1D00, 0x1D00, 0x1D00, 0x1D00, 0x1D00, 0x1D00, 0x1D00, 0x1D00,
    0x0400, 0x0400, 0x0400, 0x0518, 0x0400, 0x0400, 0x0400, 0x0400, 0x0400, 0x0400, 0x0400, 0x0400, 0x0518, 0x0600, 0x1D00, 0x1D00,
    0x0800, 0x0800, 0x0800, 0x0800, 0x0800, 0x0800, 0x0800, 0x0800, 0x0800, 0x0800, 0x1D00, 0x1D00, 0x1100, 0x5100, 0x5100, 0x5100,
    0x0400, 0x0400, 0x0400, 0x0400, 0x0400, 0x0400, 0x0400, 0x0400, 0x0400, 0x0400, 0x0400, 0x0400, 0x0400, 0x0400, 0x0400, 0x0400,
    0x0300, 0x0400, 0x0400, 0x0400, 0x0400, 0x0400, 0x0400, 0x1500, 0x1500, 0x1500, 0x0400, 0x0600, 0x0518, 0x0600, 0x0400, 0x0400,
    0x0400, 0x0400, 0x0400, 0x0400, 0x0400, 0x0400, 0x0400, 0x0400, 0x0400, 0x0400, 0x0400, 0x0400, 0x0400, 0x0400, 0x0400, 0x0400,
    0x0400, 0x0400, 0x0400, 0x0400, 0x0400, 0x0400, 0x0400, 0x0400, 0x0400, 0x0400, 0x0400, 0x0400, 0x0400, 0x0400, 0x0400, 0x0400,
    0x0400, 0x0400, 0x0400, 0x0400, 0x0400, 0x0400, 0x0400, 0x0400, 0x0400, 0x0400, 0x0400, 0x0400, 0x0400, 0x0400, 0x0400, 0x0400,
    0x0518, 0x0400, 0x0518, 0x0518, 0x0518, 0x0400, 0x0400, 0x0518, 0x0518, 0x0400, 0x0400, 0x0400, 0x0400, 0x0400, 0x0518, 0x0518,
    0x0400, 0x0518, 0x0400, 0x1D00, 0x1D00, 0x1D00, 0x1D00, 0x1D00, 0x1D00, 0x1D00, 0x1D00, 0x1D00, 0x1D00, 0x1D00, 0x1D00, 0x1D00,
    0x1D00, 0x1D00, 0x1D00, 0x1D00, 0x1D00, 0x1D00, 0x1D00, 0x1D00, 0x1D00, 0x1D00, 0x1D00, 0x0400, 0x0400, 0x0300, 0x1100, 0x1100,
    0x0400, 0x0400, 0x0400, 0x0400, 0x0400, 0x0400, 0x0400, 0x0400, 0x0400, 0x0400, 0x0400, 0x0600, 0x0518, 0x0518, 0x0600, 0x0600,
    0x5100, 0x5100, 0x0400, 0x0300, 0x0300, 0x0600, 0x0518, 0x1D00, 0x1D00, 0x1D00, 0x1D00, 0x1D00, 0x1D00, 0x1D00, 0x1D00, 0x1D00,
    0x1D00, 0x0400, 0x0400, 0x0400, 0x0400, 0x0400, 0x0400, 0x1D00, 0x1D00, 0x0400, 0x0400, 0x0400, 0x0400, 0x0400, 0x0400, 0x1D00,
    0x1D00, 0x0400, 0x0400, 0x0400, 0x0400, 0x0400, 0x0400, 0x1D00, 0x1D00, 0x1D00, 0x1D00, 0x1D00, 0x1D00, 0x1D00, 0x1D00, 0x1D00,
    0x0400, 0x0400, 0x0400, 0x0400, 0x0400, 0x0400, 0x0400, 0x1D00, 0x0400, 0x0400, 0x0400, 0x0400, 0x0400, 0x0400, 0x0400, 0x1D00,
    0x0100, 0x0100, 0x0100, 0x0100, 0x0100, 0x0100, 0x0100, 0x0100, 0x0100, 0x0100, 0x0100, 0x0100, 0x0100, 0x0100, 0x0100, 0x0100,
    0x0100, 0x0100, 0x0100, 0x0100, 0x0100, 0x0100, 0x0100, 0x0100, 0x0100, 0x0100, 0x0100, 0x0100, 0x0100, 0x0100, 0x0100, 0x0100,
    0x0100, 0x0100, 0x0100, 0x0100, 0x0100, 0x0100, 0x0100, 0x0100, 0x0100, 0x0100, 0x0100, 0x1400, 0x0300, 0x0300, 0x0300, 0x0300,
    0x0100, 0x0100, 0x0100, 0x0100, 0x0100, 0x0100, 0x0100, 0x0100, 0x1D00, 0x1D00, 0x1D00, 0x1D00, 0x1D00, 0x1D00, 0x1D00, 0x1D00,
    0x0100, 0x0100, 0x0100, 0x0100, 0x0100, 0x0100, 0x0100, 0x0100, 0x0100, 0x0100, 0x0100, 0x0100, 0x0100, 0x0100, 0x0100, 0x0100,
    0x0100, 0x0100, 0x0100, 0x0100, 0x0100, 0x0100, 0x0100, 0x0100, 0x0100, 0x0100, 0x0100, 0x0100, 0x0100, 0x0100, 0x0100, 0x0100,
    0x0100, 0x0100, 0x0100, 0x0100, 0x0100, 0x0100, 0x0100, 0x0100, 0x0100, 0x0100, 0x0100, 0x0100, 0x0100, 0x0100, 0x0100, 0x0100,
    0x0100, 0x0100, 0x0100, 0x0100, 0x0100, 0x0100, 0x0100, 0x0100, 0x0100, 0x0100, 0x0100, 0x0100, 0x0100, 0x0100, 0x0100, 0x0100,
    0x0100, 0x0100, 0x0100, 0x0100, 0x0100, 0x0100, 0x0100, 0x0100, 0x0100, 0x0100, 0x0100, 0x0100, 0x0100, 0x0100, 0x0100, 0x0100,
    0x0400, 0x0400, 0x0400, 0x0400, 0x0400, 0x0400, 0x0400, 0x0400, 0x0400, 0x0400, 0x0400, 0x0400, 0x0400, 0x0400, 0x0400, 0x0400,
    0x0400, 0x0400, 0x0400, 0x0400, 0x0400, 0x0400, 0x0400, 0x0400, 0x0400, 0x0400, 0x0400, 0x0400, 0x0400, 0x0400, 0x0400, 0x0400,
    0x0400, 0x0400, 0x0400, 0x0600, 0x0600, 0x0518, 0x0600, 0x0600, 0x0518, 0x0600, 0x0600, 0x5100, 0x0600, 0x0518, 0x1D00, 0x1D00,
    0x0800, 0x0800, 0x0800, 0x0800, 0x0800, 0x0800, 0x0800, 0x0800, 0x0800, 0x0800, 0x1D00, 0x1D00, 0x1D00, 0x1D00, 0x1D00, 0x1D00,
};

extern const uint16_t _unicode_info_D7A4_FFFD[] = {
    0x1D00, 0x1D00, 0x1D00, 0x1D00, 0x1D00, 0x1D00, 0x1D00, 0x1D00, 0x1D00, 0x1D00, 0x1D00, 0x1D00, 0x0400, 0x0400, 0x0400, 0x0400,
    0x0400, 0x0400, 0x0400, 0x0400, 0x0400, 0x0400, 0x0400, 0x0400, 0x0400, 0x0400, 0x0400, 0x0400, 0x0400, 0x0400, 0x0400, 0x0400,
    0x0400, 0x0400, 0x0400, 0x1D00, 0x1D00, 0x1D00, 0x1D00, 0x0400, 0x0400, 0x0400, 0x0400, 0x0400, 0x0400, 0x0400, 0x0400, 0x0400,
    0x0400, 0x0400, 0x0400, 0x0400, 0x0400, 0x0400, 0x0400, 0x0400, 0x0400, 0x0400, 0x0400, 0x0400, 0x0400, 0x0400, 0x0400, 0x0400,
    0x0400, 0x0400, 0x0400, 0x0400, 0x0400, 0x0400, 0x0400, 0x0400, 0x0400, 0x0400, 0x0400, 0x0400, 0x0400, 0x0400, 0x0400, 0x0400,
    0x0400, 0x0400, 0x0400, 0x0400, 0x0400, 0x0400, 0x0400, 0x0400, 0x1D00, 0x1D00, 0x1D00, 0x1D00, 0x1D00, 0x1D00, 0x1D00, 0x1D00,
    0x1D00, 0x1D00, 0x1D00, 0x1D00, 0x1D00, 0x1D00, 0x1D00, 0x1D00, 0x1D00, 0x1D00, 0x1D00, 0x1D00, 0x1D00, 0x1D00, 0x1D00, 0x1D00,
    0x1D00, 0x1D00, 0x1D00, 0x1D00, 0x1D00, 0x1D00, 0x1D00, 0x1D00, 0x1D00, 0x1D00, 0x1D00, 0x1D00, 0x1D00, 0x1D00, 0x1D00, 0x1D00,
    0x1D00, 0x1D00, 0x1D00, 0x1D00, 0x1D00, 0x1D00, 0x1D00, 0x1D00, 0x1D00, 0x1D00, 0x1D00, 0x1D00, 0x1D00, 0x1D00, 0x1D00, 0x1D00,
    0x1D00, 0x1D00, 0x1D00, 0x1D00, 0x1D00, 0x1D00, 0x1D00, 0x1D00, 0x1D00, 0x1D00, 0x1D00, 0x1D00, 0x1D00, 0x1D00, 0x1D00, 0x1D00,
    0x1D00, 0x1D00, 0x1D00, 0x1D00, 0x1D00, 0x1D00, 0x1D00, 0x1D00, 0x1D00, 0x1D00, 0x1D00, 0x1D00, 0x1D00, 0x1D00, 0x1D00, 0x1D00,
    0x1D00, 0x1D00, 0x1D00, 0x1D00, 0x1D00, 0x1D00, 0x1D00, 0x1D00, 0x1D00, 0x1D00, 0x1D00, 0x1D00, 0x1D00, 0x1D00, 0x1D00, 0x1D00,
    0x1D00, 0x1D00, 0x1D00, 0x1D00, 0x1D00, 0x1D00, 0x1D00, 0x1D00, 0x1D00, 0x1D00, 0x1D00, 0x1D00, 0x1D00, 0x1D00, 0x1D00, 0x1D00,
    0x1D00, 0x1D00, 0x1D00, 0x1D00, 0x1D00, 0x1D00, 0x1D00, 0x1D00, 0x1D00, 0x1D00, 0x1D00, 0x1D00, 0x1D00, 0x1D00, 0x1D00, 0x1D00,
    0x1D00, 0x1D00, 0x1D00, 0x1D00, 0x1D00, 0x1D00, 0x1D00, 0x1D00, 0x1D00, 0x1D00, 0x1D00, 0x1D00, 0x1D00, 0x1D00, 0x1D00, 0x1D00,
    0x1D00, 0x1D00, 0x1D00, 0x1D00, 0x1D00, 0x1D00, 0x1D00, 0x1D00, 0x1D00, 0x1D00, 0x1D00, 0x1D00, 0x1D00, 0x1D00, 0x1D00, 0x1D00,
    0x1D00, 0x1D00, 0x1D00, 0x1D00, 0x1D00, 0x1D00, 0x1D00, 0x1D00, 0x1D00, 0x1D00, 0x1D00, 0x1D00, 0x1D00, 0x1D00, 0x1D00, 0x1D00,
    0x1D00, 0x1D00, 0x1D00, 0x1D00, 0x1D00, 0x1D00, 0x1D00, 0x1D00, 0x1D00, 0x1D00, 0x1D00, 0x1D00, 0x1D00, 0x1D00, 0x1D00, 0x1D00,
    0x1D00, 0x1D00, 0x1D00, 0x1D00, 0x1D00, 0x1D00, 0x1D00, 0x1D00, 0x1D00, 0x1D00, 0x1D00, 0x1D00, 0x1D00, 0x1D00, 0x1D00, 0x1D00,
    0x1D00, 0x1D00, 0x1D00, 0x1D00, 0x1D00, 0x1D00, 0x1D00, 0x1D00, 0x1D00, 0x1D00, 0x1D00, 0x1D00, 0x1D00, 0x1D00, 0x1D00, 0x1D00,
    0x1D00, 0x1D00, 0x1D00, 0x1D00, 0x1D00, 0x1D00, 0x1D00, 0x1D00, 0x1D00, 0x1D00, 0x1D00, 0x1D00, 0x1D00, 0x1D00, 0x1D00, 0x1D00,
    0x1D00, 0x1D00, 0x1D00, 0x1D00, 0x1D00, 0x1D00, 0x1D00, 0x1D00, 0x1D00, 0x1D00, 0x1D00, 0x1D00, 0x1D00, 0x1D00, 0x1D00, 0x1D00,
    0x1D00, 0x1D00, 0x1D00, 0x1D00, 0x1D00, 0x1D00, 0x1D00, 0x1D00, 0x1D00, 0x1D00, 0x1D00, 0x1D00, 0x1D00, 0x1D00, 0x1D00, 0x1D00,
    0x1D00, 0x1D00, 0x1D00, 0x1D00, 0x1D00, 0x1D00, 0x1D00, 0x1D00, 0x1D00, 0x1D00, 0x1D00, 0x1D00, 0x1D00, 0x1D00, 0x1D00, 0x1D00,
    0x1D00, 0x1D00, 0x1D00, 0x1D00, 0x1D00, 0x1D00, 0x1D00, 0x1D00, 0x1D00, 0x1D00, 0x1D00, 0x1D00, 0x1D00, 0x1D00, 0x1D00, 0x1D00,
    0x1D00, 0x1D00, 0x1D00, 0x1D00, 0x1D00, 0x1D00, 0x1D00, 0x1D00, 0x1D00, 0x1D00, 0x1D00, 0x1D00, 0x1D00, 0x1D00, 0x1D00, 0x1D00,
    0x1D00, 0x1D00, 0x1D00, 0x1D00, 0x1D00, 0x1D00, 0x1D00, 0x1D00, 0x1D00, 0x1D00, 0x1D00, 0x1D00, 0x1D00, 0x1D00, 0x1D00, 0x1D00,
    0x1D00, 0x1D00, 0x1D00, 0x1D00, 0x1D00, 0x1D00, 0x1D00, 0x1D00, 0x1D00, 0x1D00, 0x1D00, 0x1D00, 0x1D00, 0x1D00, 0x1D00, 0x1D00,
    0x1D00, 0x1D00, 0x1D00, 0x1D00, 0x1D00, 0x1D00, 0x1D00, 0x1D00, 0x1D00, 0x1D00, 0x1D00, 0x1D00, 0x1D00, 0x1D00, 0x1D00, 0x1D00,
    0x1D00, 0x1D00, 0x1D00, 0x1D00, 0x1D00, 0x1D00, 0x1D00, 0x1D00, 0x1D00, 0x1D00, 0x1D00, 0x1D00, 0x1D00, 0x1D00, 0x1D00, 0x1D00,
    0x1D00, 0x1D00, 0x1D00, 0x1D00, 0x1D00, 0x1D00, 0x1D00, 0x1D00, 0x1D00, 0x1D00, 0x1D00, 0x1D00, 0x1D00, 0x1D00, 0x1D00, 0x1D00,
    0x1D00, 0x1D00, 0x1D00, 0x1D00, 0x1D00, 0x1D00, 0x1D00, 0x1D00, 0x1D00, 0x1D00, 0x1D00, 0x1D00, 0x1D00, 0x1D00, 0x1D00, 0x1D00,
    0x1D00, 0x1D00, 0x1D00, 0x1D00, 0x1D00, 0x1D00, 0x1D00, 0x1D00, 0x1D00, 0x1D00, 0x1D00, 0x1D00, 0x1D00, 0x1D00, 0x1D00, 0x1D00,
    0x1D00, 0x1D00, 0x1D00, 0x1D00, 0x1D00, 0x1D00, 0x1D00, 0x1D00, 0x1D00, 0x1D00, 0x1D00, 0x1D00, 0x1D00, 0x1D00, 0x1D00, 0x1D00,
    0x1D00, 0x1D00, 0x1D00, 0x1D00, 0x1D00, 0x1D00, 0x1D00, 0x1D00, 0x1D00, 0x1D00, 0x1D00, 0x1D00, 0x1D00, 0x1D00, 0x1D00, 0x1D00,
    0x1D00, 0x1D00, 0x1D00, 0x1D00, 0x1D00, 0x1D00, 0x1D00, 0x1D00, 0x1D00, 0x1D00, 0x1D00, 0x1D00, 0x1D00, 0x1D00, 0x1D00, 0x1D00,
    0x1D00, 0x1D00, 0x1D00, 0x1D00, 0x1D00, 0x1D00, 0x1D00, 0x1D00, 0x1D00, 0x1D00, 0x1D00, 0x1D00, 0x1D00, 0x1D00, 0x1D00, 0x1D00,
    0x1D00, 0x1D00, 0x1D00, 0x1D00, 0x1D00, 0x1D00, 0x1D00, 0x1D00, 0x1D00, 0x1D00, 0x1D00, 0x1D00, 0x1D00, 0x1D00, 0x1D00, 0x1D00,
    0x1D00, 0x1D00, 0x1D00, 0x1D00, 0x1D00, 0x1D00, 0x1D00, 0x1D00, 0x1D00, 0x1D00, 0x1D00, 0x1D00, 0x1D00, 0x1D00, 0x1D00, 0x1D00,
    0x1D00, 0x1D00, 0x1D00, 0x1D00, 0x1D00, 0x1D00, 0x1D00, 0x1D00, 0x1D00, 0x1D00, 0x1D00, 0x1D00, 0x1D00, 0x1D00, 0x1D00, 0x1D00,
    0x1D00, 0x1D00, 0x1D00, 0x1D00, 0x1D00, 0x1D00, 0x1D00, 0x1D00, 0x1D00, 0x1D00, 0x1D00, 0x1D00, 0x1D00, 0x1D00, 0x1D00, 0x1D00,
    0x1D00, 0x1D00, 0x1D00, 0x1D00, 0x1D00, 0x1D00, 0x1D00, 0x1D00, 0x1D00, 0x1D00, 0x1D00, 0x1D00, 0x1D00, 0x1D00, 0x1D00, 0x1D00,
    0x1D00, 0x1D00, 0x1D00, 0x1D00, 0x1D00, 0x1D00, 0x1D00, 0x1D00, 0x1D00, 0x1D00, 0x1D00, 0x1D00, 0x1D00, 0x1D00, 0x1D00, 0x1D00,
    0x1D00, 0x1D00, 0x1D00, 0x1D00, 0x1D00, 0x1D00, 0x1D00, 0x1D00, 0x1D00, 0x1D00, 0x1D00, 0x1D00, 0x1D00, 0x1D00, 0x1D00, 0x1D00,
    0x1D00, 0x1D00, 0x1D00, 0x1D00, 0x1D00, 0x1D00, 0x1D00, 0x1D00, 0x1D00, 0x1D00, 0x1D00, 0x1D00, 0x1D00, 0x1D00, 0x1D00, 0x1D00,
    0x1D00, 0x1D00, 0x1D00, 0x1D00, 0x1D00, 0x1D00, 0x1D00, 0x1D00, 0x1D00, 0x1D00, 0x1D00, 0x1D00, 0x1D00, 0x1D00, 0x1D00, 0x1D00,
    0x1D00, 0x1D00, 0x1D00, 0x1D00, 0x1D00, 0x1D00, 0x1D00, 0x1D00, 0x1D00, 0x1D00, 0x1D00, 0x1D00, 0x1D00, 0x1D00, 0x1D00, 0x1D00,
    0x1D00, 0x1D00, 0x1D00, 0x1D00, 0x1D00, 0x1D00, 0x1D00, 0x1D00, 0x1D00, 0x1D00, 0x1D00, 0x1D00, 0x1D00, 0x1D00, 0x1D00, 0x1D00,
    0x1D00, 0x1D00, 0x1D00, 0x1D00, 0x1D00, 0x1D00, 0x1D00, 0x1D00, 0x1D00, 0x1D00, 0x1D00, 0x1D00, 0x1D00, 0x1D00, 0x1D00, 0x1D00,
    0x1D00, 0x1D00, 0x1D00, 0x1D00, 0x1D00, 0x1D00, 0x1D00, 0x1D00, 0x1D00, 0x1D00, 0x1D00, 0x1D00, 0x1D00, 0x1D00, 0x1D00, 0x1D00,
    0x1D00, 0x1D00, 0x1D00, 0x1D00, 0x1D00, 0x1D00, 0x1D00, 0x1D00, 0x1D00, 0x1D00, 0x1D00, 0x1D00, 0x1D00, 0x1D00, 0x1D00, 0x1D00,
    0x1D00, 0x1D00, 0x1D00, 0x1D00, 0x1D00, 0x1D00, 0x1D00, 0x1D00, 0x1D00, 0x1D00, 0x1D00, 0x1D00, 0x1D00, 0x1D00, 0x1D00, 0x1D00,
    0x1D00, 0x1D00, 0x1D00, 0x1D00, 0x1D00, 0x1D00, 0x1D00, 0x1D00, 0x1D00, 0x1D00, 0x1D00, 0x1D00, 0x1D00, 0x1D00, 0x1D00, 0x1D00,
    0x1D00, 0x1D00, 0x1D00, 0x1D00, 0x1D00, 0x1D00, 0x1D00, 0x1D00, 0x1D00, 0x1D00, 0x1D00, 0x1D00, 0x1D00, 0x1D00, 0x1D00, 0x1D00,
    0x1D00, 0x1D00, 0x1D00, 0x1D00, 0x1D00, 0x1D00, 0x1D00, 0x1D00, 0x1D00, 0x1D00, 0x1D00, 0x1D00, 0x1D00, 0x1D00, 0x1D00, 0x1D00,
    0x1D00, 0x1D00, 0x1D00, 0x1D00, 0x1D00, 0x1D00, 0x1D00, 0x1D00, 0x1D00, 0x1D00, 0x1D00, 0x1D00, 0x1D00, 0x1D00, 0x1D00, 0x1D00,
    0x1D00, 0x1D00, 0x1D00, 0x1D00, 0x1D00, 0x1D00, 0x1D00, 0x1D00, 0x1D00, 0x1D00, 0x1D00, 0x1D00, 0x1D00, 0x1D00, 0x1D00, 0x1D00,
    0x1D00, 0x1D00, 0x1D00, 0x1D00, 0x1D00, 0x1D00, 0x1D00, 0x1D00, 0x1D00, 0x1D00, 0x1D00, 0x1D00, 0x1D00, 0x1D00, 0x1D00, 0x1D00,
    0x1D00, 0x1D00, 0x1D00, 0x1D00, 0x1D00, 0x1D00, 0x1D00, 0x1D00, 0x1D00, 0x1D00, 0x1D00, 0x1D00, 0x1D00, 0x1D00, 0x1D00, 0x1D00,
    0x1D00, 0x1D00, 0x1D00, 0x1D00, 0x1D00, 0x1D00, 0x1D00, 0x1D00, 0x1D00, 0x1D00, 0x1D00, 0x1D00, 0x1D00, 0x1D00, 0x1D00, 0x1D00,
    0x1D00, 0x1D00, 0x1D00, 0x1D00, 0x1D00, 0x1D00, 0x1D00, 0x1D00, 0x1D00, 0x1D00, 0x1D00, 0x1D00, 0x1D00, 0x1D00, 0x1D00, 0x1D00,
    0x1D00, 0x1D00, 0x1D00, 0x1D00, 0x1D00, 0x1D00, 0x1D00, 0x1D00, 0x1D00, 0x1D00, 0x1D00, 0x1D00, 0x1D00, 0x1D00, 0x1D00, 0x1D00,
    0x1D00, 0x1D00, 0x1D00, 0x1D00, 0x1D00, 0x1D00, 0x1D00, 0x1D00, 0x1D00, 0x1D00, 0x1D00, 0x1D00, 0x1D00, 0x1D00, 0x1D00, 0x1D00,
    0x1D00, 0x1D00, 0x1D00, 0x1D00, 0x1D00, 0x1D00, 0x1D00, 0x1D00, 0x1D00, 0x1D00, 0x1D00, 0x1D00, 0x1D00, 0x1D00, 0x1D00, 0x1D00,
    0x1D00, 0x1D00, 0x1D00, 0x1D00, 0x1D00, 0x1D00, 0x1D00, 0x1D00, 0x1D00, 0x1D00, 0x1D00, 0x1D00, 0x1D00, 0x1D00, 0x1D00, 0x1D00,
    0x1D00, 0x1D00, 0x1D00, 0x1D00, 0x1D00, 0x1D00, 0x1D00, 0x1D00, 0x1D00, 0x1D00, 0x1D00, 0x1D00, 0x1D00, 0x1D00, 0x1D00, 0x1D00,
    0x1D00, 0x1D00, 0x1D00, 0x1D00, 0x1D00, 0x1D00, 0x1D00, 0x1D00, 0x1D00, 0x1D00, 0x1D00, 0x1D00, 0x1D00, 0x1D00, 0x1D00, 0x1D00,
    0x1D00, 0x1D00, 0x1D00, 0x1D00, 0x1D00, 0x1D00, 0x1D00, 0x1D00, 0x1D00, 0x1D00, 0x1D00, 0x1D00, 0x1D00, 0x1D00, 0x1D00, 0x1D00,
    0x1D00, 0x1D00, 0x1D00, 0x1D00, 0x1D00, 0x1D00, 0x1D00, 0x1D00, 0x1D00, 0x1D00, 0x1D00, 0x1D00, 0x1D00, 0x1D00, 0x1D00, 0x1D00,
    0x1D00, 0x1D00, 0x1D00, 0x1D00, 0x1D00, 0x1D00, 0x1D00, 0x1D00, 0x1D00, 0x1D00, 0x1D00, 0x1D00, 0x1D00, 0x1D00, 0x1D00, 0x1D00,
    0x1D00, 0x1D00, 0x1D00, 0x1D00, 0x1D00, 0x1D00, 0x1D00, 0x1D00, 0x1D00, 0x1D00, 0x1D00, 0x1D00, 0x1D00, 0x1D00, 0x1D00, 0x1D00,
    0x1D00, 0x1D00, 0x1D00, 0x1D00, 0x1D00, 0x1D00, 0x1D00, 0x1D00, 0x1D00, 0x1D00, 0x1D00, 0x1D00, 0x1D00, 0x1D00, 0x1D00, 0x1D00,
    0x1D00, 0x1D00, 0x1D00, 0x1D00, 0x1D00, 0x1D00, 0x1D00, 0x1D00, 0x1D00, 0x1D00, 0x1D00, 0x1D00, 0x1D00, 0x1D00, 0x1D00, 0x1D00,
    0x1D00, 0x1D00, 0x1D00, 0x1D00, 0x1D00, 0x1D00, 0x1D00, 0x1D00, 0x1D00, 0x1D00, 0x1D00, 0x1D00, 0x1D00, 0x1D00, 0x1D00, 0x1D00,
    0x1D00, 0x1D00, 0x1D00, 0x1D00, 0x1D00, 0x1D00, 0x1D00, 0x1D00, 0x1D00, 0x1D00, 0x1D00, 0x1D00, 0x1D00, 0x1D00, 0x1D00, 0x1D00,
    0x1D00, 0x1D00, 0x1D00, 0x1D00, 0x1D00, 0x1D00, 0x1D00, 0x1D00, 0x1D00, 0x1D00, 0x1D00, 0x1D00, 0x1D00, 0x1D00, 0x1D00, 0x1D00,
    0x1D00, 0x1D00, 0x1D00, 0x1D00, 0x1D00, 0x1D00, 0x1D00, 0x1D00, 0x1D00, 0x1D00, 0x1D00, 0x1D00, 0x1D00, 0x1D00, 0x1D00, 0x1D00,
    0x1D00, 0x1D00, 0x1D00, 0x1D00, 0x1D00, 0x1D00, 0x1D00, 0x1D00, 0x1D00, 0x1D00, 0x1D00, 0x1D00, 0x1D00, 0x1D00, 0x1D00, 0x1D00,
    0x1D00, 0x1D00, 0x1D00, 0x1D00, 0x1D00, 0x1D00, 0x1D00, 0x1D00, 0x1D00, 0x1D00, 0x1D00, 0x1D00, 0x1D00, 0x1D00, 0x1D00, 0x1D00,
    0x1D00, 0x1D00, 0x1D00, 0x1D00, 0x1D00, 0x1D00, 0x1D00, 0x1D00, 0x1D00, 0x1D00, 0x1D00, 0x1D00, 0x1D00, 0x1D00, 0x1D00, 0x1D00,
    0x1D00, 0x1D00, 0x1D00, 0x1D00, 0x1D00, 0x1D00, 0x1D00, 0x1D00, 0x1D00, 0x1D00, 0x1D00, 0x1D00, 0x1D00, 0x1D00, 0x1D00, 0x1D00,
    0x1D00, 0x1D00, 0x1D00, 0x1D00, 0x1D00, 0x1D00, 0x1D00, 0x1D00, 0x1D00, 0x1D00, 0x1D00, 0x1D00, 0x1D00, 0x1D00, 0x1D00, 0x1D00,
    0x1D00, 0x1D00, 0x1D00, 0x1D00, 0x1D00, 0x1D00, 0x1D00, 0x1D00, 0x1D00, 0x1D00, 0x1D00, 0x1D00, 0x1D00, 0x1D00, 0x1D00, 0x1D00,
    0x1D00, 0x1D00, 0x1D00, 0x1D00, 0x1D00, 0x1D00, 0x1D00, 0x1D00, 0x1D00, 0x1D00, 0x1D00, 0x1D00, 0x1D00, 0x1D00, 0x1D00, 0x1D00,
    0x1D00, 0x1D00, 0x1D00, 0x1D00, 0x1D00, 0x1D00, 0x1D00, 0x1D00, 0x1D00, 0x1D00, 0x1D00, 0x1D00, 0x1D00, 0x1D00, 0x1D00, 0x1D00,
    0x1D00, 0x1D00, 0x1D00, 0x1D00, 0x1D00, 0x1D00, 0x1D00, 0x1D00, 0x1D00, 0x1D00, 0x1D00, 0x1D00, 0x1D00, 0x1D00, 0x1D00, 0x1D00,
    0x1D00, 0x1D00, 0x1D00, 0x1D00, 0x1D00, 0x1D00, 0x1D00, 0x1D00, 0x1D00, 0x1D00, 0x1D00, 0x1D00, 0x1D00, 0x1D00, 0x1D00, 0x1D00,
    0x1D00, 0x1D00, 0x1D00, 0x1D00, 0x1D00, 0x1D00, 0x1D00, 0x1D00, 0x1D00, 0x1D00, 0x1D00, 0x1D00, 0x1D00, 0x1D00, 0x1D00, 0x1D00,
    0x1D00, 0x1D00, 0x1D00, 0x1D00, 0x1D00, 0x1D00, 0x1D00, 0x1D00, 0x1D00, 0x1D00, 0x1D00, 0x1D00, 0x1D00, 0x1D00, 0x1D00, 0x1D00,
    0x1D00, 0x1D00, 0x1D00, 0x1D00, 0x1D00, 0x1D00, 0x1D00, 0x1D00, 0x1D00, 0x1D00, 0x1D00, 0x1D00, 0x1D00, 0x1D00, 0x1D00, 0x1D00,
    0x1D00, 0x1D00, 0x1D00, 0x1D00, 0x1D00, 0x1D00, 0x1D00, 0x1D00, 0x1D00, 0x1D00, 0x1D00, 0x1D00, 0x1D00, 0x1D00, 0x1D00, 0x1D00,
    0x1D00, 0x1D00, 0x1D00, 0x1D00, 0x1D00, 0x1D00, 0x1D00, 0x1D00, 0x1D00, 0x1D00, 0x1D00, 0x1D00, 0x1D00, 0x1D00, 0x1D00, 0x1D00,
    0x1D00, 0x1D00, 0x1D00, 0x1D00, 0x1D00, 0x1D00, 0x1D00, 0x1D00, 0x1D00, 0x1D00, 0x1D00, 0x1D00, 0x1D00, 0x1D00, 0x1D00, 0x1D00,
    0x1D00, 0x1D00, 0x1D00, 0x1D00, 0x1D00, 0x1D00, 0x1D00, 0x1D00, 0x1D00, 0x1D00, 0x1D00, 0x1D00, 0x1D00, 0x1D00, 0x1D00, 0x1D00,
    0x1D00, 0x1D00, 0x1D00, 0x1D00, 0x1D00, 0x1D00, 0x1D00, 0x1D00, 0x1D00, 0x1D00, 0x1D00, 0x1D00, 0x1D00, 0x1D00, 0x1D00, 0x1D00,
    0x1D00, 0x1D00, 0x1D00, 0x1D00, 0x1D00, 0x1D00, 0x1D00, 0x1D00, 0x1D00, 0x1D00, 0x1D00, 0x1D00, 0x1D00, 0x1D00, 0x1D00, 0x1D00,
    0x1D00, 0x1D00, 0x1D00, 0x1D00, 0x1D00, 0x1D00, 0x1D00, 0x1D00, 0x1D00, 0x1D00, 0x1D00, 0x1D00, 0x1D00, 0x1D00, 0x1D00, 0x1D00,
    0x1D00, 0x1D00, 0x1D00, 0x1D00, 0x1D00, 0x1D00, 0x1D00, 0x1D00, 0x1D00, 0x1D00, 0x1D00, 0x1D00, 0x1D00, 0x1D00, 0x1D00, 0x1D00,
    0x1D00, 0x1D00, 0x1D00, 0x1D00, 0x1D00, 0x1D00, 0x1D00, 0x1D00, 0x1D00, 0x1D00, 0x1D00, 0x1D00, 0x1D00, 0x1D00, 0x1D00, 0x1D00,
    0x1D00, 0x1D00, 0x1D00, 0x1D00, 0x1D00, 0x1D00, 0x1D00, 0x1D00, 0x1D00, 0x1D00, 0x1D00, 0x1D00, 0x1D00, 0x1D00, 0x1D00, 0x1D00,
    0x1D00, 0x1D00, 0x1D00, 0x1D00, 0x1D00, 0x1D00, 0x1D00, 0x1D00, 0x1D00, 0x1D00, 0x1D00, 0x1D00, 0x1D00, 0x1D00, 0x1D00, 0x1D00,
    0x1D00, 0x1D00, 0x1D00, 0x1D00, 0x1D00, 0x1D00, 0x1D00, 0x1D00, 0x1D00, 0x1D00, 0x1D00, 0x1D00, 0x1D00, 0x1D00, 0x1D00, 0x1D00,
    0x1D00, 0x1D00, 0x1D00, 0x1D00, 0x1D00, 0x1D00, 0x1D00, 0x1D00, 0x1D00, 0x1D00, 0x1D00, 0x1D00, 0x1D00, 0x1D00, 0x1D00, 0x1D00,
    0x1D00, 0x1D00, 0x1D00, 0x1D00, 0x1D00, 0x1D00, 0x1D00, 0x1D00, 0x1D00, 0x1D00, 0x1D00, 0x1D00, 0x1D00, 0x1D00, 0x1D00, 0x1D00,
    0x1D00, 0x1D00, 0x1D00, 0x1D00, 0x1D00, 0x1D00, 0x1D00, 0x1D00, 0x1D00, 0x1D00, 0x1D00, 0x1D00, 0x1D00, 0x1D00, 0x1D00, 0x1D00,
    0x1D00, 0x1D00, 0x1D00, 0x1D00, 0x1D00, 0x1D00, 0x1D00, 0x1D00, 0x1D00, 0x1D00, 0x1D00, 0x1D00, 0x1D00, 0x1D00, 0x1D00, 0x1D00,
    0x1D00, 0x1D00, 0x1D00, 0x1D00, 0x1D00, 0x1D00, 0x1D00, 0x1D00, 0x1D00, 0x1D00, 0x1D00, 0x1D00, 0x1D00, 0x1D00, 0x1D00, 0x1D00,
    0x1D00, 0x1D00, 0x1D00, 0x1D00, 0x1D00, 0x1D00, 0x1D00, 0x1D00, 0x1D00, 0x1D00, 0x1D00, 0x1D00, 0x1D00, 0x1D00, 0x1D00, 0x1D00,
    0x1D00, 0x1D00, 0x1D00, 0x1D00, 0x1D00, 0x1D00, 0x1D00, 0x1D00, 0x1D00, 0x1D00, 0x1D00, 0x1D00, 0x1D00, 0x1D00, 0x1D00, 0x1D00,
    0x1D00, 0x1D00, 0x1D00, 0x1D00, 0x1D00, 0x1D00, 0x1D00, 0x1D00, 0x1D00, 0x1D00, 0x1D00, 0x1D00, 0x1D00, 0x1D00, 0x1D00, 0x1D00,
    0x1D00, 0x1D00, 0x1D00, 0x1D00, 0x1D00, 0x1D00, 0x1D00, 0x1D00, 0x1D00, 0x1D00, 0x1D00, 0x1D00, 0x1D00, 0x1D00, 0x1D00, 0x1D00,
    0x1D00, 0x1D00, 0x1D00, 0x1D00, 0x1D00, 0x1D00, 0x1D00, 0x1D00, 0x1D00, 0x1D00, 0x1D00, 0x1D00, 0x1D00, 0x1D00, 0x1D00, 0x1D00,
    0x1D00, 0x1D00, 0x1D00, 0x1D00, 0x1D00, 0x1D00, 0x1D00, 0x1D00, 0x1D00, 0x1D00, 0x1D00, 0x1D00, 0x1D00, 0x1D00, 0x1D00, 0x1D00,
    0x1D00, 0x1D00, 0x1D00, 0x1D00, 0x1D00, 0x1D00, 0x1D00, 0x1D00, 0x1D00, 0x1D00, 0x1D00, 0x1D00, 0x1D00, 0x1D00, 0x1D00, 0x1D00,
    0x1D00, 0x1D00, 0x1D00, 0x1D00, 0x1D00, 0x1D00, 0x1D00, 0x1D00, 0x1D00, 0x1D00, 0x1D00, 0x1D00, 0x1D00, 0x1D00, 0x1D00, 0x1D00,
    0x1D00, 0x1D00, 0x1D00, 0x1D00, 0x1D00, 0x1D00, 0x1D00, 0x1D00, 0x1D00, 0x1D00, 0x1D00, 0x1D00, 0x1D00, 0x1D00, 0x1D00, 0x1D00,
    0x1D00, 0x1D00, 0x1D00, 0x1D00, 0x1D00, 0x1D00, 0x1D00, 0x1D00, 0x1D00, 0x1D00, 0x1D00, 0x1D00, 0x1D00, 0x1D00, 0x1D00, 0x1D00,
    0x1D00, 0x1D00, 0x1D00, 0x1D00, 0x1D00, 0x1D00, 0x1D00, 0x1D00, 0x1D00, 0x1D00, 0x1D00, 0x1D00, 0x1D00, 0x1D00, 0x1D00, 0x1D00,
    0x1D00, 0x1D00, 0x1D00, 0x1D00, 0x1D00, 0x1D00, 0x1D00, 0x1D00, 0x1D00, 0x1D00, 0x1D00, 0x1D00, 0x1D00, 0x1D00, 0x1D00, 0x1D00,
    0x1D00, 0x1D00, 0x1D00, 0x1D00, 0x1D00, 0x1D00, 0x1D00, 0x1D00, 0x1D00, 0x1D00, 0x1D00, 0x1D00, 0x1D00, 0x1D00, 0x1D00, 0x1D00,
    0x1D00, 0x1D00, 0x1D00, 0x1D00, 0x1D00, 0x1D00, 0x1D00, 0x1D00, 0x1D00, 0x1D00, 0x1D00, 0x1D00, 0x1D00, 0x1D00, 0x1D00, 0x1D00,
    0x1D00, 0x1D00, 0x1D00, 0x1D00, 0x1D00, 0x1D00, 0x1D00, 0x1D00, 0x1D00, 0x1D00, 0x1D00, 0x1D00, 0x1D00, 0x1D00, 0x1D00, 0x1D00,
    0x1D00, 0x1D00, 0x1D00, 0x1D00, 0x1D00, 0x1D00, 0x1D00, 0x1D00, 0x1D00, 0x1D00, 0x1D00, 0x1D00, 0x1D00, 0x1D00, 0x1D00, 0x1D00,
    0x1D00, 0x1D00, 0x1D00, 0x1D00, 0x1D00, 0x1D00, 0x1D00, 0x1D00, 0x1D00, 0x1D00, 0x1D00, 0x1D00, 0x1D00, 0x1D00, 0x1D00, 0x1D00,
    0x1D00, 0x1D00, 0x1D00, 0x1D00, 0x1D00, 0x1D00, 0x1D00, 0x1D00, 0x1D00, 0x1D00, 0x1D00, 0x1D00, 0x1D00, 0x1D00, 0x1D00, 0x1D00,
    0x1D00, 0x1D00, 0x1D00, 0x1D00, 0x1D00, 0x1D00, 0x1D00, 0x1D00, 0x1D00, 0x1D00, 0x1D00, 0x1D00, 0x1D00, 0x1D00, 0x1D00, 0x1D00,
    0x1D00, 0x1D00, 0x1D00, 0x1D00, 0x1D00, 0x1D00, 0x1D00, 0x1D00, 0x1D00, 0x1D00, 0x1D00, 0x1D00, 0x1D00, 0x1D00, 0x1D00, 0x1D00,
    0x1D00, 0x1D00, 0x1D00, 0x1D00, 0x1D00, 0x1D00, 0x1D00, 0x1D00, 0x1D00, 0x1D00, 0x1D00, 0x1D00, 0x1D00, 0x1D00, 0x1D00, 0x1D00,
    0x1D00, 0x1D00, 0x1D00, 0x1D00, 0x1D00, 0x1D00, 0x1D00, 0x1D00, 0x1D00, 0x1D00, 0x1D00, 0x1D00, 0x1D00, 0x1D00, 0x1D00, 0x1D00,
    0x1D00, 0x1D00, 0x1D00, 0x1D00, 0x1D00, 0x1D00, 0x1D00, 0x1D00, 0x1D00, 0x1D00, 0x1D00, 0x1D00, 0x1D00, 0x1D00, 0x1D00, 0x1D00,
    0x1D00, 0x1D00, 0x1D00, 0x1D00, 0x1D00, 0x1D00, 0x1D00, 0x1D00, 0x1D00, 0x1D00, 0x1D00, 0x1D00, 0x1D00, 0x1D00, 0x1D00, 0x1D00,
    0x1D00, 0x1D00, 0x1D00, 0x1D00, 0x1D00, 0x1D00, 0x1D00, 0x1D00, 0x1D00, 0x1D00, 0x1D00, 0x1D00, 0x1D00, 0x1D00, 0x1D00, 0x1D00,
    0x1D00, 0x1D00, 0x1D00, 0x1D00, 0x1D00, 0x1D00, 0x1D00, 0x1D00, 0x1D00, 0x1D00, 0x1D00, 0x1D00, 0x1D00, 0x1D00, 0x1D00, 0x1D00,
    0x1D00, 0x1D00, 0x1D00, 0x1D00, 0x1D00, 0x1D00, 0x1D00, 0x1D00, 0x1D00, 0x1D00, 0x1D00, 0x1D00, 0x1D00, 0x1D00, 0x1D00, 0x1D00,
    0x1D00, 0x1D00, 0x1D00, 0x1D00, 0x1D00, 0x1D00, 0x1D00, 0x1D00, 0x1D00, 0x1D00, 0x1D00, 0x1D00, 0x1D00, 0x1D00, 0x1D00, 0x1D00,
    0x1D00, 0x1D00, 0x1D00, 0x1D00, 0x1D00, 0x1D00, 0x1D00, 0x1D00, 0x1D00, 0x1D00, 0x1D00, 0x1D00, 0x1D00, 0x1D00, 0x1D00, 0x1D00,
    0x1D00, 0x1D00, 0x1D00, 0x1D00, 0x1D00, 0x1D00, 0x1D00, 0x1D00, 0x1D00, 0x1D00, 0x1D00, 0x1D00, 0x1D00, 0x1D00, 0x1D00, 0x1D00,
    0x1D00, 0x1D00, 0x1D00, 0x1D00, 0x1D00, 0x1D00, 0x1D00, 0x1D00, 0x1D00, 0x1D00, 0x1D00, 0x1D00, 0x1D00, 0x1D00, 0x1D00, 0x1D00,
    0x1D00, 0x1D00, 0x1D00, 0x1D00, 0x1D00, 0x1D00, 0x1D00, 0x1D00, 0x1D00, 0x1D00, 0x1D00, 0x1D00, 0x1D00, 0x1D00, 0x1D00, 0x1D00,
    0x1D00, 0x1D00, 0x1D00, 0x1D00, 0x1D00, 0x1D00, 0x1D00, 0x1D00, 0x1D00, 0x1D00, 0x1D00, 0x1D00, 0x1D00, 0x1D00, 0x1D00, 0x1D00,
    0x1D00, 0x1D00, 0x1D00, 0x1D00, 0x1D00, 0x1D00, 0x1D00, 0x1D00, 0x1D00, 0x1D00, 0x1D00, 0x1D00, 0x1D00, 0x1D00, 0x1D00, 0x1D00,
    0x1D00, 0x1D00, 0x1D00, 0x1D00, 0x1D00, 0x1D00, 0x1D00, 0x1D00, 0x1D00, 0x1D00, 0x1D00, 0x1D00, 0x1D00, 0x1D00, 0x1D00, 0x1D00,
    0x1D00, 0x1D00, 0x1D00, 0x1D00, 0x1D00, 0x1D00, 0x1D00, 0x1D00, 0x1D00, 0x1D00, 0x1D00, 0x1D00, 0x1D00, 0x1D00, 0x1D00, 0x1D00,
    0x1D00, 0x1D00, 0x1D00, 0x1D00, 0x1D00, 0x1D00, 0x1D00, 0x1D00, 0x1D00, 0x1D00, 0x1D00, 0x1D00, 0x1D00, 0x1D00, 0x1D00, 0x1D00,
    0x1D00, 0x1D00, 0x1D00, 0x1D00, 0x1D00, 0x1D00, 0x1D00, 0x1D00, 0x1D00, 0x1D00, 0x1D00, 0x1D00, 0x1D00, 0x1D00, 0x1D00, 0x1D00,
    0x1D00, 0x1D00, 0x1D00, 0x1D00, 0x1D00, 0x1D00, 0x1D00, 0x1D00, 0x1D00, 0x1D00, 0x1D00, 0x1D00, 0x1D00, 0x1D00, 0x1D00, 0x1D00,
    0x1D00, 0x1D00, 0x1D00, 0x1D00, 0x1D00, 0x1D00, 0x1D00, 0x1D00, 0x1D00, 0x1D00, 0x1D00, 0x1D00, 0x1D00, 0x1D00, 0x1D00, 0x1D00,
    0x1D00, 0x1D00, 0x1D00, 0x1D00, 0x1D00, 0x1D00, 0x1D00, 0x1D00, 0x1D00, 0x1D00, 0x1D00, 0x1D00, 0x1D00, 0x1D00, 0x1D00, 0x1D00,
    0x1D00, 0x1D00, 0x1D00, 0x1D00, 0x1D00, 0x1D00, 0x1D00, 0x1D00, 0x1D00, 0x1D00, 0x1D00, 0x1D00, 0x1D00, 0x1D00, 0x1D00, 0x1D00,
    0x1D00, 0x1D00, 0x1D00, 0x1D00, 0x1D00, 0x1D00, 0x1D00, 0x1D00, 0x1D00, 0x1D00, 0x1D00, 0x1D00, 0x1D00, 0x1D00, 0x1D00, 0x1D00,
    0x1D00, 0x1D00, 0x1D00, 0x1D00, 0x1D00, 0x1D00, 0x1D00, 0x1D00, 0x1D00, 0x1D00, 0x1D00, 0x1D00, 0x1D00, 0x1D00, 0x1D00, 0x1D00,
    0x1D00, 0x1D00, 0x1D00, 0x1D00, 0x1D00, 0x1D00, 0x1D00, 0x1D00, 0x1D00, 0x1D00, 0x1D00, 0x1D00, 0x1D00, 0x1D00, 0x1D00, 0x1D00,
    0x1D00, 0x1D00, 0x1D00, 0x1D00, 0x1D00, 0x1D00, 0x1D00, 0x1D00, 0x1D00, 0x1D00, 0x1D00, 0x1D00, 0x1D00, 0x1D00, 0x1D00, 0x1D00,
    0x1D00, 0x1D00, 0x1D00, 0x1D00, 0x1D00, 0x1D00, 0x1D00, 0x1D00, 0x1D00, 0x1D00, 0x1D00, 0x1D00, 0x1D00, 0x1D00, 0x1D00, 0x1D00,
    0x1D00, 0x1D00, 0x1D00, 0x1D00, 0x1D00, 0x1D00, 0x1D00, 0x1D00, 0x1D00, 0x1D00, 0x1D00, 0x1D00, 0x1D00, 0x1D00, 0x1D00, 0x1D00,
    0x1D00, 0x1D00, 0x1D00, 0x1D00, 0x1D00, 0x1D00, 0x1D00, 0x1D00, 0x1D00, 0x1D00, 0x1D00, 0x1D00, 0x1D00, 0x1D00, 0x1D00, 0x1D00,
    0x1D00, 0x1D00, 0x1D00, 0x1D00, 0x1D00, 0x1D00, 0x1D00, 0x1D00, 0x1D00, 0x1D00, 0x1D00, 0x1D00, 0x1D00, 0x1D00, 0x1D00, 0x1D00,
    0x1D00, 0x1D00, 0x1D00, 0x1D00, 0x1D00, 0x1D00, 0x1D00, 0x1D00, 0x1D00, 0x1D00, 0x1D00, 0x1D00, 0x1D00, 0x1D00, 0x1D00, 0x1D00,
    0x1D00, 0x1D00, 0x1D00, 0x1D00, 0x1D00, 0x1D00, 0x1D00, 0x1D00, 0x1D00, 0x1D00, 0x1D00, 0x1D00, 0x1D00, 0x1D00, 0x1D00, 0x1D00,
    0x1D00, 0x1D00, 0x1D00, 0x1D00, 0x1D00, 0x1D00, 0x1D00, 0x1D00, 0x1D00, 0x1D00, 0x1D00, 0x1D00, 0x1D00, 0x1D00, 0x1D00, 0x1D00,
    0x1D00, 0x1D00, 0x1D00, 0x1D00, 0x1D00, 0x1D00, 0x1D00, 0x1D00, 0x1D00, 0x1D00, 0x1D00, 0x1D00, 0x1D00, 0x1D00, 0x1D00, 0x1D00,
    0x1D00, 0x1D00, 0x1D00, 0x1D00, 0x1D00, 0x1D00, 0x1D00, 0x1D00, 0x1D00, 0x1D00, 0x1D00, 0x1D00, 0x1D00, 0x1D00, 0x1D00, 0x1D00,
    0x1D00, 0x1D00, 0x1D00, 0x1D00, 0x1D00, 0x1D00, 0x1D00, 0x1D00, 0x1D00, 0x1D00, 0x1D00, 0x1D00, 0x1D00, 0x1D00, 0x1D00, 0x1D00,
    0x1D00, 0x1D00, 0x1D00, 0x1D00, 0x1D00, 0x1D00, 0x1D00, 0x1D00, 0x1D00, 0x1D00, 0x1D00, 0x1D00, 0x1D00, 0x1D00, 0x1D00, 0x1D00,
    0x1D00, 0x1D00, 0x1D00, 0x1D00, 0x1D00, 0x1D00, 0x1D00, 0x1D00, 0x1D00, 0x1D00, 0x1D00, 0x1D00, 0x1D00, 0x1D00, 0x1D00, 0x1D00,
    0x1D00, 0x1D00, 0x1D00, 0x1D00, 0x1D00, 0x1D00, 0x1D00, 0x1D00, 0x1D00, 0x1D00, 0x1D00, 0x1D00, 0x1D00, 0x1D00, 0x1D00, 0x1D00,
    0x1D00, 0x1D00, 0x1D00, 0x1D00, 0x1D00, 0x1D00, 0x1D00, 0x1D00, 0x1D00, 0x1D00, 0x1D00, 0x1D00, 0x1D00, 0x1D00, 0x1D00, 0x1D00,
    0x1D00, 0x1D00, 0x1D00, 0x1D00, 0x1D00, 0x1D00, 0x1D00, 0x1D00, 0x1D00, 0x1D00, 0x1D00, 0x1D00, 0x1D00, 0x1D00, 0x1D00, 0x1D00,
    0x1D00, 0x1D00, 0x1D00, 0x1D00, 0x1D00, 0x1D00, 0x1D00, 0x1D00, 0x1D00, 0x1D00, 0x1D00, 0x1D00, 0x1D00, 0x1D00, 0x1D00, 0x1D00,
    0x1D00, 0x1D00, 0x1D00, 0x1D00, 0x1D00, 0x1D00, 0x1D00, 0x1D00, 0x1D00, 0x1D00, 0x1D00, 0x1D00, 0x1D00, 0x1D00, 0x1D00, 0x1D00,
    0x1D00, 0x1D00, 0x1D00, 0x1D00, 0x1D00, 0x1D00, 0x1D00, 0x1D00, 0x1D00, 0x1D00, 0x1D00, 0x1D00, 0x1D00, 0x1D00, 0x1D00, 0x1D00,
    0x1D00, 0x1D00, 0x1D00, 0x1D00, 0x1D00, 0x1D00, 0x1D00, 0x1D00, 0x1D00, 0x1D00, 0x1D00, 0x1D00, 0x1D00, 0x1D00, 0x1D00, 0x1D00,
    0x1D00, 0x1D00, 0x1D00, 0x1D00, 0x1D00, 0x1D00, 0x1D00, 0x1D00, 0x1D00, 0x1D00, 0x1D00, 0x1D00, 0x1D00, 0x1D00, 0x1D00, 0x1D00,
    0x1D00, 0x1D00, 0x1D00, 0x1D00, 0x1D00, 0x1D00, 0x1D00, 0x1D00, 0x1D00, 0x1D00, 0x1D00, 0x1D00, 0x1D00, 0x1D00, 0x1D00, 0x1D00,
    0x1D00, 0x1D00, 0x1D00, 0x1D00, 0x1D00, 0x1D00, 0x1D00, 0x1D00, 0x1D00, 0x1D00, 0x1D00, 0x1D00, 0x1D00, 0x1D00, 0x1D00, 0x1D00,
    0x1D00, 0x1D00, 0x1D00, 0x1D00, 0x1D00, 0x1D00, 0x1D00, 0x1D00, 0x1D00, 0x1D00, 0x1D00, 0x1D00, 0x1D00, 0x1D00, 0x1D00, 0x1D00,
    0x1D00, 0x1D00, 0x1D00, 0x1D00, 0x1D00, 0x1D00, 0x1D00, 0x1D00, 0x1D00, 0x1D00, 0x1D00, 0x1D00, 0x1D00, 0x1D00, 0x1D00, 0x1D00,
    0x1D00, 0x1D00, 0x1D00, 0x1D00, 0x1D00, 0x1D00, 0x1D00, 0x1D00, 0x1D00, 0x1D00, 0x1D00, 0x1D00, 0x1D00, 0x1D00, 0x1D00, 0x1D00,
    0x1D00, 0x1D00, 0x1D00, 0x1D00, 0x1D00, 0x1D00, 0x1D00, 0x1D00, 0x1D00, 0x1D00, 0x1D00, 0x1D00, 0x1D00, 0x1D00, 0x1D00, 0x1D00,
    0x1D00, 0x1D00, 0x1D00, 0x1D00, 0x1D00, 0x1D00, 0x1D00, 0x1D00, 0x1D00, 0x1D00, 0x1D00, 0x1D00, 0x1D00, 0x1D00, 0x1D00, 0x1D00,
    0x1D00, 0x1D00, 0x1D00, 0x1D00, 0x1D00, 0x1D00, 0x1D00, 0x1D00, 0x1D00, 0x1D00, 0x1D00, 0x1D00, 0x1D00, 0x1D00, 0x1D00, 0x1D00,
    0x1D00, 0x1D00, 0x1D00, 0x1D00, 0x1D00, 0x1D00, 0x1D00, 0x1D00, 0x1D00, 0x1D00, 0x1D00, 0x1D00, 0x1D00, 0x1D00, 0x1D00, 0x1D00,
    0x1D00, 0x1D00, 0x1D00, 0x1D00, 0x1D00, 0x1D00, 0x1D00, 0x1D00, 0x1D00, 0x1D00, 0x1D00, 0x1D00, 0x1D00, 0x1D00, 0x1D00, 0x1D00,
    0x1D00, 0x1D00, 0x1D00, 0x1D00, 0x1D00, 0x1D00, 0x1D00, 0x1D00, 0x1D00, 0x1D00, 0x1D00, 0x1D00, 0x1D00, 0x1D00, 0x1D00, 0x1D00,
    0x1D00, 0x1D00, 0x1D00, 0x1D00, 0x1D00, 0x1D00, 0x1D00, 0x1D00, 0x1D00, 0x1D00, 0x1D00, 0x1D00, 0x1D00, 0x1D00, 0x1D00, 0x1D00,
    0x1D00, 0x1D00, 0x1D00, 0x1D00, 0x1D00, 0x1D00, 0x1D00, 0x1D00, 0x1D00, 0x1D00, 0x1D00, 0x1D00, 0x1D00, 0x1D00, 0x1D00, 0x1D00,
    0x1D00, 0x1D00, 0x1D00, 0x1D00, 0x1D00, 0x1D00, 0x1D00, 0x1D00, 0x1D00, 0x1D00, 0x1D00, 0x1D00, 0x1D00, 0x1D00, 0x1D00, 0x1D00,
    0x1D00, 0x1D00, 0x1D00, 0x1D00, 0x1D00, 0x1D00, 0x1D00, 0x1D00, 0x1D00, 0x1D00, 0x1D00, 0x1D00, 0x1D00, 0x1D00, 0x1D00, 0x1D00,
    0x1D00, 0x1D00, 0x1D00, 0x1D00, 0x1D00, 0x1D00, 0x1D00, 0x1D00, 0x1D00, 0x1D00, 0x1D00, 0x1D00, 0x1D00, 0x1D00, 0x1D00, 0x1D00,
    0x1D00, 0x1D00, 0x1D00, 0x1D00, 0x1D00, 0x1D00, 0x1D00, 0x1D00, 0x1D00, 0x1D00, 0x1D00, 0x1D00, 0x1D00, 0x1D00, 0x1D00, 0x1D00,
    0x1D00, 0x1D00, 0x1D00, 0x1D00, 0x1D00, 0x1D00, 0x1D00, 0x1D00, 0x1D00, 0x1D00, 0x1D00, 0x1D00, 0x1D00, 0x1D00, 0x1D00, 0x1D00,
    0x1D00, 0x1D00, 0x1D00, 0x1D00, 0x1D00, 0x1D00, 0x1D00, 0x1D00, 0x1D00, 0x1D00, 0x1D00, 0x1D00, 0x1D00, 0x1D00, 0x1D00, 0x1D00,
    0x1D00, 0x1D00, 0x1D00, 0x1D00, 0x1D00, 0x1D00, 0x1D00, 0x1D00, 0x1D00, 0x1D00, 0x1D00, 0x1D00, 0x1D00, 0x1D00, 0x1D00, 0x1D00,
    0x1D00, 0x1D00, 0x1D00, 0x1D00, 0x1D00, 0x1D00, 0x1D00, 0x1D00, 0x1D00, 0x1D00, 0x1D00, 0x1D00, 0x1D00, 0x1D00, 0x1D00, 0x1D00,
    0x1D00, 0x1D00, 0x1D00, 0x1D00, 0x1D00, 0x1D00, 0x1D00, 0x1D00, 0x1D00, 0x1D00, 0x1D00, 0x1D00, 0x1D00, 0x1D00, 0x1D00, 0x1D00,
    0x1D00, 0x1D00, 0x1D00, 0x1D00, 0x1D00, 0x1D00, 0x1D00, 0x1D00, 0x1D00, 0x1D00, 0x1D00, 0x1D00, 0x1D00, 0x1D00, 0x1D00, 0x1D00,
    0x1D00, 0x1D00, 0x1D00, 0x1D00, 0x1D00, 0x1D00, 0x1D00, 0x1D00, 0x1D00, 0x1D00, 0x1D00, 0x1D00, 0x1D00, 0x1D00, 0x1D00, 0x1D00,
    0x1D00, 0x1D00, 0x1D00, 0x1D00, 0x1D00, 0x1D00, 0x1D00, 0x1D00, 0x1D00, 0x1D00, 0x1D00, 0x1D00, 0x1D00, 0x1D00, 0x1D00, 0x1D00,
    0x1D00, 0x1D00, 0x1D00, 0x1D00, 0x1D00, 0x1D00, 0x1D00, 0x1D00, 0x1D00, 0x1D00, 0x1D00, 0x1D00, 0x1D00, 0x1D00, 0x1D00, 0x1D00,
    0x1D00, 0x1D00, 0x1D00, 0x1D00, 0x1D00, 0x1D00, 0x1D00, 0x1D00, 0x1D00, 0x1D00, 0x1D00, 0x1D00, 0x1D00, 0x1D00, 0x1D00, 0x1D00,
    0x1D00, 0x1D00, 0x1D00, 0x1D00, 0x1D00, 0x1D00, 0x1D00, 0x1D00, 0x1D00, 0x1D00, 0x1D00, 0x1D00, 0x1D00, 0x1D00, 0x1D00, 0x1D00,
    0x1D00, 0x1D00, 0x1D00, 0x1D00, 0x1D00, 0x1D00, 0x1D00, 0x1D00, 0x1D00, 0x1D00, 0x1D00, 0x1D00, 0x1D00, 0x1D00, 0x1D00, 0x1D00,
    0x1D00, 0x1D00, 0x1D00, 0x1D00, 0x1D00, 0x1D00, 0x1D00, 0x1D00, 0x1D00, 0x1D00, 0x1D00, 0x1D00, 0x1D00, 0x1D00, 0x1D00, 0x1D00,
    0x1D00, 0x1D00, 0x1D00, 0x1D00, 0x1D00, 0x1D00, 0x1D00, 0x1D00, 0x1D00, 0x1D00, 0x1D00, 0x1D00, 0x1D00, 0x1D00, 0x1D00, 0x1D00,
    0x1D00, 0x1D00, 0x1D00, 0x1D00, 0x1D00, 0x1D00, 0x1D00, 0x1D00, 0x1D00, 0x1D00, 0x1D00, 0x1D00, 0x1D00, 0x1D00, 0x1D00, 0x1D00,
    0x1D00, 0x1D00, 0x1D00, 0x1D00, 0x1D00, 0x1D00, 0x1D00, 0x1D00, 0x1D00, 0x1D00, 0x1D00, 0x1D00, 0x1D00, 0x1D00, 0x1D00, 0x1D00,
    0x1D00, 0x1D00, 0x1D00, 0x1D00, 0x1D00, 0x1D00, 0x1D00, 0x1D00, 0x1D00, 0x1D00, 0x1D00, 0x1D00, 0x1D00, 0x1D00, 0x1D00, 0x1D00,
    0x1D00, 0x1D00, 0x1D00, 0x1D00, 0x1D00, 0x1D00, 0x1D00, 0x1D00, 0x1D00, 0x1D00, 0x1D00, 0x1D00, 0x1D00, 0x1D00, 0x1D00, 0x1D00,
    0x1D00, 0x1D00, 0x1D00, 0x1D00, 0x1D00, 0x1D00, 0x1D00, 0x1D00, 0x1D00, 0x1D00, 0x1D00, 0x1D00, 0x1D00, 0x1D00, 0x1D00, 0x1D00,
    0x1D00, 0x1D00, 0x1D00, 0x1D00, 0x1D00, 0x1D00, 0x1D00, 0x1D00, 0x1D00, 0x1D00, 0x1D00, 0x1D00, 0x1D00, 0x1D00, 0x1D00, 0x1D00,
    0x1D00, 0x1D00, 0x1D00, 0x1D00, 0x1D00, 0x1D00, 0x1D00, 0x1D00, 0x1D00, 0x1D00, 0x1D00, 0x1D00, 0x1D00, 0x1D00, 0x1D00, 0x1D00,
    0x1D00, 0x1D00, 0x1D00, 0x1D00, 0x1D00, 0x1D00, 0x1D00, 0x1D00, 0x1D00, 0x1D00, 0x1D00, 0x1D00, 0x1D00, 0x1D00, 0x1D00, 0x1D00,
    0x1D00, 0x1D00, 0x1D00, 0x1D00, 0x1D00, 0x1D00, 0x1D00, 0x1D00, 0x1D00, 0x1D00, 0x1D00, 0x1D00, 0x1D00, 0x1D00, 0x1D00, 0x1D00,
    0x1D00, 0x1D00, 0x1D00, 0x1D00, 0x1D00, 0x1D00, 0x1D00, 0x1D00, 0x1D00, 0x1D00, 0x1D00, 0x1D00, 0x1D00, 0x1D00, 0x1D00, 0x1D00,
    0x1D00, 0x1D00, 0x1D00, 0x1D00, 0x1D00, 0x1D00, 0x1D00, 0x1D00, 0x1D00, 0x1D00, 0x1D00, 0x1D00, 0x1D00, 0x1D00, 0x1D00, 0x1D00,
    0x1D00, 0x1D00, 0x1D00, 0x1D00, 0x1D00, 0x1D00, 0x1D00, 0x1D00, 0x1D00, 0x1D00, 0x1D00, 0x1D00, 0x1D00, 0x1D00, 0x1D00, 0x1D00,
    0x1D00, 0x1D00, 0x1D00, 0x1D00, 0x1D00, 0x1D00, 0x1D00, 0x1D00, 0x1D00, 0x1D00, 0x1D00, 0x1D00, 0x1D00, 0x1D00, 0x1D00, 0x1D00,
    0x1D00, 0x1D00, 0x1D00, 0x1D00, 0x1D00, 0x1D00, 0x1D00, 0x1D00, 0x1D00, 0x1D00, 0x1D00, 0x1D00, 0x1D00, 0x1D00, 0x1D00, 0x1D00,
    0x1D00, 0x1D00, 0x1D00, 0x1D00, 0x1D00, 0x1D00, 0x1D00, 0x1D00, 0x1D00, 0x1D00, 0x1D00, 0x1D00, 0x1D00, 0x1D00, 0x1D00, 0x1D00,
    0x1D00, 0x1D00, 0x1D00, 0x1D00, 0x1D00, 0x1D00, 0x1D00, 0x1D00, 0x1D00, 0x1D00, 0x1D00, 0x1D00, 0x1D00, 0x1D00, 0x1D00, 0x1D00,
    0x1D00, 0x1D00, 0x1D00, 0x1D00, 0x1D00, 0x1D00, 0x1D00, 0x1D00, 0x1D00, 0x1D00, 0x1D00, 0x1D00, 0x1D00, 0x1D00, 0x1D00, 0x1D00,
    0x1D00, 0x1D00, 0x1D00, 0x1D00, 0x1D00, 0x1D00, 0x1D00, 0x1D00, 0x1D00, 0x1D00, 0x1D00, 0x1D00, 0x1D00, 0x1D00, 0x1D00, 0x1D00,
    0x1D00, 0x1D00, 0x1D00, 0x1D00, 0x1D00, 0x1D00, 0x1D00, 0x1D00, 0x1D00, 0x1D00, 0x1D00, 0x1D00, 0x1D00, 0x1D00, 0x1D00, 0x1D00,
    0x1D00, 0x1D00, 0x1D00, 0x1D00, 0x1D00, 0x1D00, 0x1D00, 0x1D00, 0x1D00, 0x1D00, 0x1D00, 0x1D00, 0x1D00, 0x1D00, 0x1D00, 0x1D00,
    0x1D00, 0x1D00, 0x1D00, 0x1D00, 0x1D00, 0x1D00, 0x1D00, 0x1D00, 0x1D00, 0x1D00, 0x1D00, 0x1D00, 0x1D00, 0x1D00, 0x1D00, 0x1D00,
    0x1D00, 0x1D00, 0x1D00, 0x1D00, 0x1D00, 0x1D00, 0x1D00, 0x1D00, 0x1D00, 0x1D00, 0x1D00, 0x1D00, 0x1D00, 0x1D00, 0x1D00, 0x1D00,
    0x1D00, 0x1D00, 0x1D00, 0x1D00, 0x1D00, 0x1D00, 0x1D00, 0x1D00, 0x1D00, 0x1D00, 0x1D00, 0x1D00, 0x1D00, 0x1D00, 0x1D00, 0x1D00,
    0x1D00, 0x1D00, 0x1D00, 0x1D00, 0x1D00, 0x1D00, 0x1D00, 0x1D00, 0x1D00, 0x1D00, 0x1D00, 0x1D00, 0x1D00, 0x1D00, 0x1D00, 0x1D00,
    0x1D00, 0x1D00, 0x1D00, 0x1D00, 0x1D00, 0x1D00, 0x1D00, 0x1D00, 0x1D00, 0x1D00, 0x1D00, 0x1D00, 0x1D00, 0x1D00, 0x1D00, 0x1D00,
    0x1D00, 0x1D00, 0x1D00, 0x1D00, 0x1D00, 0x1D00, 0x1D00, 0x1D00, 0x1D00, 0x1D00, 0x1D00, 0x1D00, 0x1D00, 0x1D00, 0x1D00, 0x1D00,
    0x1D00, 0x1D00, 0x1D00, 0x1D00, 0x1D00, 0x1D00, 0x1D00, 0x1D00, 0x1D00, 0x1D00, 0x1D00, 0x1D00, 0x1D00, 0x1D00, 0x1D00, 0x1D00,
    0x1D00, 0x1D00, 0x1D00, 0x1D00, 0x1D00, 0x1D00, 0x1D00, 0x1D00, 0x1D00, 0x1D00, 0x1D00, 0x1D00, 0x1D00, 0x1D00, 0x1D00, 0x1D00,
    0x1D00, 0x1D00, 0x1D00, 0x1D00, 0x1D00, 0x1D00, 0x1D00, 0x1D00, 0x1D00, 0x1D00, 0x1D00, 0x1D00, 0x1D00, 0x1D00, 0x1D00, 0x1D00,
    0x1D00, 0x1D00, 0x1D00, 0x1D00, 0x1D00, 0x1D00, 0x1D00, 0x1D00, 0x1D00, 0x1D00, 0x1D00, 0x1D00, 0x1D00, 0x1D00, 0x1D00, 0x1D00,
    0x1D00, 0x1D00, 0x1D00, 0x1D00, 0x1D00, 0x1D00, 0x1D00, 0x1D00, 0x1D00, 0x1D00, 0x1D00, 0x1D00, 0x1D00, 0x1D00, 0x1D00, 0x1D00,
    0x1D00, 0x1D00, 0x1D00, 0x1D00, 0x1D00, 0x1D00, 0x1D00, 0x1D00, 0x1D00, 0x1D00, 0x1D00, 0x1D00, 0x1D00, 0x1D00, 0x1D00, 0x1D00,
    0x1D00, 0x1D00, 0x1D00, 0x1D00, 0x1D00, 0x1D00, 0x1D00, 0x1D00, 0x1D00, 0x1D00, 0x1D00, 0x1D00, 0x1D00, 0x1D00, 0x1D00, 0x1D00,
    0x1D00, 0x1D00, 0x1D00, 0x1D00, 0x1D00, 0x1D00, 0x1D00, 0x1D00, 0x1D00, 0x1D00, 0x1D00, 0x1D00, 0x1D00, 0x1D00, 0x1D00, 0x1D00,
    0x1D00, 0x1D00, 0x1D00, 0x1D00, 0x1D00, 0x1D00, 0x1D00, 0x1D00, 0x1D00, 0x1D00, 0x1D00, 0x1D00, 0x1D00, 0x1D00, 0x1D00, 0x1D00,
    0x1D00, 0x1D00, 0x1D00, 0x1D00, 0x1D00, 0x1D00, 0x1D00, 0x1D00, 0x1D00, 0x1D00, 0x1D00, 0x1D00, 0x1D00, 0x1D00, 0x1D00, 0x1D00,
    0x1D00, 0x1D00, 0x1D00, 0x1D00, 0x1D00, 0x1D00, 0x1D00, 0x1D00, 0x1D00, 0x1D00, 0x1D00, 0x1D00, 0x1D00, 0x1D00, 0x1D00, 0x1D00,
    0x1D00, 0x1D00, 0x1D00, 0x1D00, 0x1D00, 0x1D00, 0x1D00, 0x1D00, 0x1D00, 0x1D00, 0x1D00, 0x1D00, 0x1D00, 0x1D00, 0x1D00, 0x1D00,
    0x1D00, 0x1D00, 0x1D00, 0x1D00, 0x1D00, 0x1D00, 0x1D00, 0x1D00, 0x1D00, 0x1D00, 0x1D00, 0x1D00, 0x1D00, 0x1D00, 0x1D00, 0x1D00,
    0x1D00, 0x1D00, 0x1D00, 0x1D00, 0x1D00, 0x1D00, 0x1D00, 0x1D00, 0x1D00, 0x1D00, 0x1D00, 0x1D00, 0x1D00, 0x1D00, 0x1D00, 0x1D00,
    0x1D00, 0x1D00, 0x1D00, 0x1D00, 0x1D00, 0x1D00, 0x1D00, 0x1D00, 0x1D00, 0x1D00, 0x1D00, 0x1D00, 0x1D00, 0x1D00, 0x1D00, 0x1D00,
    0x1D00, 0x1D00, 0x1D00, 0x1D00, 0x1D00, 0x1D00, 0x1D00, 0x1D00, 0x1D00, 0x1D00, 0x1D00, 0x1D00, 0x1D00, 0x1D00, 0x1D00, 0x1D00,
    0x1D00, 0x1D00, 0x1D00, 0x1D00, 0x1D00, 0x1D00, 0x1D00, 0x1D00, 0x1D00, 0x1D00, 0x1D00, 0x1D00, 0x1D00, 0x1D00, 0x1D00, 0x1D00,
    0x1D00, 0x1D00, 0x1D00, 0x1D00, 0x1D00, 0x1D00, 0x1D00, 0x1D00, 0x1D00, 0x1D00, 0x1D00, 0x1D00, 0x1D00, 0x1D00, 0x1D00, 0x1D00,
    0x1D00, 0x1D00, 0x1D00, 0x1D00, 0x1D00, 0x1D00, 0x1D00, 0x1D00, 0x1D00, 0x1D00, 0x1D00, 0x1D00, 0x1D00, 0x1D00, 0x1D00, 0x1D00,
    0x1D00, 0x1D00, 0x1D00, 0x1D00, 0x1D00, 0x1D00, 0x1D00, 0x1D00, 0x1D00, 0x1D00, 0x1D00, 0x1D00, 0x1D00, 0x1D00, 0x1D00, 0x1D00,
    0x1D00, 0x1D00, 0x1D00, 0x1D00, 0x1D00, 0x1D00, 0x1D00, 0x1D00, 0x1D00, 0x1D00, 0x1D00, 0x1D00, 0x1D00, 0x1D00, 0x1D00, 0x1D00,
    0x1D00, 0x1D00, 0x1D00, 0x1D00, 0x1D00, 0x1D00, 0x1D00, 0x1D00, 0x1D00, 0x1D00, 0x1D00, 0x1D00, 0x1D00, 0x1D00, 0x1D00, 0x1D00,
    0x1D00, 0x1D00, 0x1D00, 0x1D00, 0x1D00, 0x1D00, 0x1D00, 0x1D00, 0x1D00, 0x1D00, 0x1D00, 0x1D00, 0x1D00, 0x1D00, 0x1D00, 0x1D00,
    0x1D00, 0x1D00, 0x1D00, 0x1D00, 0x1D00, 0x1D00, 0x1D00, 0x1D00, 0x1D00, 0x1D00, 0x1D00, 0x1D00, 0x1D00, 0x1D00, 0x1D00, 0x1D00,
    0x1D00, 0x1D00, 0x1D00, 0x1D00, 0x1D00, 0x1D00, 0x1D00, 0x1D00, 0x1D00, 0x1D00, 0x1D00, 0x1D00, 0x1D00, 0x1D00, 0x1D00, 0x1D00,
    0x1D00, 0x1D00, 0x1D00, 0x1D00, 0x1D00, 0x1D00, 0x1D00, 0x1D00, 0x1D00, 0x1D00, 0x1D00, 0x1D00, 0x1D00, 0x1D00, 0x1D00, 0x1D00,
    0x1D00, 0x1D00, 0x1D00, 0x1D00, 0x1D00, 0x1D00, 0x1D00, 0x1D00, 0x1D00, 0x1D00, 0x1D00, 0x1D00, 0x1D00, 0x1D00, 0x1D00, 0x1D00,
    0x1D00, 0x1D00, 0x1D00, 0x1D00, 0x1D00, 0x1D00, 0x1D00, 0x1D00, 0x1D00, 0x1D00, 0x1D00, 0x1D00, 0x1D00, 0x1D00, 0x1D00, 0x1D00,
    0x1D00, 0x1D00, 0x1D00, 0x1D00, 0x1D00, 0x1D00, 0x1D00, 0x1D00, 0x1D00, 0x1D00, 0x1D00, 0x1D00, 0x1D00, 0x1D00, 0x1D00, 0x1D00,
    0x1D00, 0x1D00, 0x1D00, 0x1D00, 0x1D00, 0x1D00, 0x1D00, 0x1D00, 0x1D00, 0x1D00, 0x1D00, 0x1D00, 0x1D00, 0x1D00, 0x1D00, 0x1D00,
    0x1D00, 0x1D00, 0x1D00, 0x1D00, 0x1D00, 0x1D00, 0x1D00, 0x1D00, 0x1D00, 0x1D00, 0x1D00, 0x1D00, 0x1D00, 0x1D00, 0x1D00, 0x1D00,
    0x1D00, 0x1D00, 0x1D00, 0x1D00, 0x1D00, 0x1D00, 0x1D00, 0x1D00, 0x1D00, 0x1D00, 0x1D00, 0x1D00, 0x1D00, 0x1D00, 0x1D00, 0x1D00,
    0x1D00, 0x1D00, 0x1D00, 0x1D00, 0x1D00, 0x1D00, 0x1D00, 0x1D00, 0x1D00, 0x1D00, 0x1D00, 0x1D00, 0x1D00, 0x1D00, 0x1D00, 0x1D00,
    0x1D00, 0x1D00, 0x1D00, 0x1D00, 0x1D00, 0x1D00, 0x1D00, 0x1D00, 0x1D00, 0x1D00, 0x1D00, 0x1D00, 0x1D00, 0x1D00, 0x1D00, 0x1D00,
    0x1D00, 0x1D00, 0x1D00, 0x1D00, 0x1D00, 0x1D00, 0x1D00, 0x1D00, 0x1D00, 0x1D00, 0x1D00, 0x1D00, 0x1D00, 0x1D00, 0x1D00, 0x1D00,
    0x1D00, 0x1D00, 0x1D00, 0x1D00, 0x1D00, 0x1D00, 0x1D00, 0x1D00, 0x1D00, 0x1D00, 0x1D00, 0x1D00, 0x1D00, 0x1D00, 0x1D00, 0x1D00,
    0x1D00, 0x1D00, 0x1D00, 0x1D00, 0x1D00, 0x1D00, 0x1D00, 0x1D00, 0x1D00, 0x1D00, 0x1D00, 0x1D00, 0x1D00, 0x1D00, 0x1D00, 0x1D00,
    0x1D00, 0x1D00, 0x1D00, 0x1D00, 0x1D00, 0x1D00, 0x1D00, 0x1D00, 0x1D00, 0x1D00, 0x1D00, 0x1D00, 0x1D00, 0x1D00, 0x1D00, 0x1D00,
    0x1D00, 0x1D00, 0x1D00, 0x1D00, 0x1D00, 0x1D00, 0x1D00, 0x1D00, 0x1D00, 0x1D00, 0x1D00, 0x1D00, 0x1D00, 0x1D00, 0x1D00, 0x1D00,
    0x1D00, 0x1D00, 0x1D00, 0x1D00, 0x1D00, 0x1D00, 0x1D00, 0x1D00, 0x1D00, 0x1D00, 0x1D00, 0x1D00, 0x1D00, 0x1D00, 0x1D00, 0x1D00,
    0x1D00, 0x1D00, 0x1D00, 0x1D00, 0x1D00, 0x1D00, 0x1D00, 0x1D00, 0x1D00, 0x1D00, 0x1D00, 0x1D00, 0x1D00, 0x1D00, 0x1D00, 0x1D00,
    0x1D00, 0x1D00, 0x1D00, 0x1D00, 0x1D00, 0x1D00, 0x1D00, 0x1D00, 0x1D00, 0x1D00, 0x1D00, 0x1D00, 0x1D00, 0x1D00, 0x1D00, 0x1D00,
    0x1D00, 0x1D00, 0x1D00, 0x1D00, 0x1D00, 0x1D00, 0x1D00, 0x1D00, 0x1D00, 0x1D00, 0x1D00, 0x1D00, 0x1D00, 0x1D00, 0x1D00, 0x1D00,
    0x1D00, 0x1D00, 0x1D00, 0x1D00, 0x1D00, 0x1D00, 0x1D00, 0x1D00, 0x1D00, 0x1D00, 0x1D00, 0x1D00, 0x1D00, 0x1D00, 0x1D00, 0x1D00,
    0x1D00, 0x1D00, 0x1D00, 0x1D00, 0x1D00, 0x1D00, 0x1D00, 0x1D00, 0x1D00, 0x1D00, 0x1D00, 0x1D00, 0x1D00, 0x1D00, 0x1D00, 0x1D00,
    0x1D00, 0x1D00, 0x1D00, 0x1D00, 0x1D00, 0x1D00, 0x1D00, 0x1D00, 0x1D00, 0x1D00, 0x1D00, 0x1D00, 0x1D00, 0x1D00, 0x1D00, 0x1D00,
    0x1D00, 0x1D00, 0x1D00, 0x1D00, 0x1D00, 0x1D00, 0x1D00, 0x1D00, 0x1D00, 0x1D00, 0x1D00, 0x1D00, 0x1D00, 0x1D00, 0x1D00, 0x1D00,
    0x1D00, 0x1D00, 0x1D00, 0x1D00, 0x1D00, 0x1D00, 0x1D00, 0x1D00, 0x1D00, 0x1D00, 0x1D00, 0x1D00, 0x1D00, 0x1D00, 0x1D00, 0x1D00,
    0x1D00, 0x1D00, 0x1D00, 0x1D00, 0x1D00, 0x1D00, 0x1D00, 0x1D00, 0x1D00, 0x1D00, 0x1D00, 0x1D00, 0x1D00, 0x1D00, 0x1D00, 0x1D00,
    0x1D00, 0x1D00, 0x1D00, 0x1D00, 0x1D00, 0x1D00, 0x1D00, 0x1D00, 0x1D00, 0x1D00, 0x1D00, 0x1D00, 0x1D00, 0x1D00, 0x1D00, 0x1D00,
    0x1D00, 0x1D00, 0x1D00, 0x1D00, 0x1D00, 0x1D00, 0x1D00, 0x1D00, 0x1D00, 0x1D00, 0x1D00, 0x1D00, 0x1D00, 0x1D00, 0x1D00, 0x1D00,
    0x1D00, 0x1D00, 0x1D00, 0x1D00, 0x1D00, 0x1D00, 0x1D00, 0x1D00, 0x1D00, 0x1D00, 0x1D00, 0x1D00, 0x1D00, 0x1D00, 0x1D00, 0x1D00,
    0x1D00, 0x1D00, 0x1D00, 0x1D00, 0x1D00, 0x1D00, 0x1D00, 0x1D00, 0x1D00, 0x1D00, 0x1D00, 0x1D00, 0x1D00, 0x1D00, 0x1D00, 0x1D00,
    0x1D00, 0x1D00, 0x1D00, 0x1D00, 0x1D00, 0x1D00, 0x1D00, 0x1D00, 0x1D00, 0x1D00, 0x1D00, 0x1D00, 0x1D00, 0x1D00, 0x1D00, 0x1D00,
    0x1D00, 0x1D00, 0x1D00, 0x1D00, 0x1D00, 0x1D00, 0x1D00, 0x1D00, 0x1D00, 0x1D00, 0x1D00, 0x1D00, 0x1D00, 0x1D00, 0x1D00, 0x1D00,
    0x1D00, 0x1D00, 0x1D00, 0x1D00, 0x1D00, 0x1D00, 0x1D00, 0x1D00, 0x1D00, 0x1D00, 0x1D00, 0x1D00, 0x1D00, 0x1D00, 0x1D00, 0x1D00,
    0x1D00, 0x1D00, 0x1D00, 0x1D00, 0x1D00, 0x1D00, 0x1D00, 0x1D00, 0x1D00, 0x1D00, 0x1D00, 0x1D00, 0x1D00, 0x1D00, 0x1D00, 0x1D00,
    0x1D00, 0x1D00, 0x1D00, 0x1D00, 0x1D00, 0x1D00, 0x1D00, 0x1D00, 0x1D00, 0x1D00, 0x1D00, 0x1D00, 0x1D00, 0x1D00, 0x1D00, 0x1D00,
    0x1D00, 0x1D00, 0x1D00, 0x1D00, 0x1D00, 0x1D00, 0x1D00, 0x1D00, 0x1D00, 0x1D00, 0x1D00, 0x1D00, 0x1D00, 0x1D00, 0x1D00, 0x1D00,
    0x1D00, 0x1D00, 0x1D00, 0x1D00, 0x1D00, 0x1D00, 0x1D00, 0x1D00, 0x1D00, 0x1D00, 0x1D00, 0x1D00, 0x1D00, 0x1D00, 0x1D00, 0x1D00,
    0x1D00, 0x1D00, 0x1D00, 0x1D00, 0x1D00, 0x1D00, 0x1D00, 0x1D00, 0x1D00, 0x1D00, 0x1D00, 0x1D00, 0x1D00, 0x1D00, 0x1D00, 0x1D00,
    0x1D00, 0x1D00, 0x1D00, 0x1D00, 0x1D00, 0x1D00, 0x1D00, 0x1D00, 0x1D00, 0x1D00, 0x1D00, 0x1D00, 0x1D00, 0x1D00, 0x1D00, 0x1D00,
    0x1D00, 0x1D00, 0x1D00, 0x1D00, 0x1D00, 0x1D00, 0x1D00, 0x1D00, 0x1D00, 0x1D00, 0x1D00, 0x1D00, 0x1D00, 0x1D00, 0x1D00, 0x1D00,
    0x1D00, 0x1D00, 0x1D00, 0x1D00, 0x1D00, 0x1D00, 0x1D00, 0x1D00, 0x1D00, 0x1D00, 0x1D00, 0x1D00, 0x1D00, 0x1D00, 0x1D00, 0x1D00,
    0x1D00, 0x1D00, 0x1D00, 0x1D00, 0x1D00, 0x1D00, 0x1D00, 0x1D00, 0x1D00, 0x1D00, 0x1D00, 0x1D00, 0x1D00, 0x1D00, 0x1D00, 0x1D00,
    0x1D00, 0x1D00, 0x1D00, 0x1D00, 0x1D00, 0x1D00, 0x1D00, 0x1D00, 0x1D00, 0x1D00, 0x1D00, 0x1D00, 0x1D00, 0x1D00, 0x1D00, 0x1D00,
    0x1D00, 0x1D00, 0x1D00, 0x1D00, 0x1D00, 0x1D00, 0x1D00, 0x1D00, 0x1D00, 0x1D00, 0x1D00, 0x1D00, 0x1D00, 0x1D00, 0x1D00, 0x1D00,
    0x1D00, 0x1D00, 0x1D00, 0x1D00, 0x1D00, 0x1D00, 0x1D00, 0x1D00, 0x1D00, 0x1D00, 0x1D00, 0x1D00, 0x1D00, 0x1D00, 0x1D00, 0x1D00,
    0x1D00, 0x1D00, 0x1D00, 0x1D00, 0x1D00, 0x1D00, 0x1D00, 0x1D00, 0x1D00, 0x1D00, 0x1D00, 0x1D00, 0x1D00, 0x1D00, 0x1D00, 0x1D00,
    0x1D00, 0x1D00, 0x1D00, 0x1D00, 0x1D00, 0x1D00, 0x1D00, 0x1D00, 0x1D00, 0x1D00, 0x1D00, 0x1D00, 0x1D00, 0x1D00, 0x1D00, 0x1D00,
    0x1D00, 0x1D00, 0x1D00, 0x1D00, 0x1D00, 0x1D00, 0x1D00, 0x1D00, 0x1D00, 0x1D00, 0x1D00, 0x1D00, 0x1D00, 0x1D00, 0x1D00, 0x1D00,
    0x1D00, 0x1D00, 0x1D00, 0x1D00, 0x1D00, 0x1D00, 0x1D00, 0x1D00, 0x1D00, 0x1D00, 0x1D00, 0x1D00, 0x1D00, 0x1D00, 0x1D00, 0x1D00,
    0x1D00, 0x1D00, 0x1D00, 0x1D00, 0x1D00, 0x1D00, 0x1D00, 0x1D00, 0x1D00, 0x1D00, 0x1D00, 0x1D00, 0x1D00, 0x1D00, 0x1D00, 0x1D00,
    0x1D00, 0x1D00, 0x1D00, 0x1D00, 0x1D00, 0x1D00, 0x1D00, 0x1D00, 0x1D00, 0x1D00, 0x1D00, 0x1D00, 0x1D00, 0x1D00, 0x1D00, 0x1D00,
    0x1D00, 0x1D00, 0x1D00, 0x1D00, 0x1D00, 0x1D00, 0x1D00, 0x1D00, 0x1D00, 0x1D00, 0x1D00, 0x1D00, 0x1D00, 0x1D00, 0x1D00, 0x1D00,
    0x1D00, 0x1D00, 0x1D00, 0x1D00, 0x1D00, 0x1D00, 0x1D00, 0x1D00, 0x1D00, 0x1D00, 0x1D00, 0x1D00, 0x1D00, 0x1D00, 0x1D00, 0x1D00,
    0x1D00, 0x1D00, 0x1D00, 0x1D00, 0x1D00, 0x1D00, 0x1D00, 0x1D00, 0x1D00, 0x1D00, 0x1D00, 0x1D00, 0x1D00, 0x1D00, 0x1D00, 0x1D00,
    0x1D00, 0x1D00, 0x1D00, 0x1D00, 0x1D00, 0x1D00, 0x1D00, 0x1D00, 0x1D00, 0x1D00, 0x1D00, 0x1D00, 0x1D00, 0x1D00, 0x1D00, 0x1D00,
    0x1D00, 0x1D00, 0x1D00, 0x1D00, 0x1D00, 0x1D00, 0x1D00, 0x1D00, 0x1D00, 0x1D00, 0x1D00, 0x1D00, 0x1D00, 0x1D00, 0x1D00, 0x1D00,
    0x1D00, 0x1D00, 0x1D00, 0x1D00, 0x1D00, 0x1D00, 0x1D00, 0x1D00, 0x1D00, 0x1D00, 0x1D00, 0x1D00, 0x1D00, 0x1D00, 0x1D00, 0x1D00,
    0x1D00, 0x1D00, 0x1D00, 0x1D00, 0x1D00, 0x1D00, 0x1D00, 0x1D00, 0x1D00, 0x1D00, 0x1D00, 0x1D00, 0x1D00, 0x1D00, 0x1D00, 0x1D00,
    0x1D00, 0x1D00, 0x1D00, 0x1D00, 0x1D00, 0x1D00, 0x1D00, 0x1D00, 0x1D00, 0x1D00, 0x1D00, 0x1D00, 0x1D00, 0x1D00, 0x1D00, 0x1D00,
    0x1D00, 0x1D00, 0x1D00, 0x1D00, 0x1D00, 0x1D00, 0x1D00, 0x1D00, 0x1D00, 0x1D00, 0x1D00, 0x1D00, 0x1D00, 0x1D00, 0x1D00, 0x1D00,
    0x1D00, 0x1D00, 0x1D00, 0x1D00, 0x1D00, 0x1D00, 0x1D00, 0x1D00, 0x1D00, 0x1D00, 0x1D00, 0x1D00, 0x1D00, 0x1D00, 0x1D00, 0x1D00,
    0x1D00, 0x1D00, 0x1D00, 0x1D00, 0x1D00, 0x1D00, 0x1D00, 0x1D00, 0x1D00, 0x1D00, 0x1D00, 0x1D00, 0x1D00, 0x1D00, 0x1D00, 0x1D00,
    0x1D00, 0x1D00, 0x1D00, 0x1D00, 0x1D00, 0x1D00, 0x1D00, 0x1D00, 0x1D00, 0x1D00, 0x1D00, 0x1D00, 0x1D00, 0x1D00, 0x1D00, 0x1D00,
    0x1D00, 0x1D00, 0x1D00, 0x1D00, 0x1D00, 0x1D00, 0x1D00, 0x1D00, 0x1D00, 0x1D00, 0x1D00, 0x1D00, 0x1D00, 0x1D00, 0x1D00, 0x1D00,
    0x1D00, 0x1D00, 0x1D00, 0x1D00, 0x1D00, 0x1D00, 0x1D00, 0x1D00, 0x1D00, 0x1D00, 0x1D00, 0x1D00, 0x1D00, 0x1D00, 0x1D00, 0x1D00,
    0x1D00, 0x1D00, 0x1D00, 0x1D00, 0x1D00, 0x1D00, 0x1D00, 0x1D00, 0x1D00, 0x1D00, 0x1D00, 0x1D00, 0x1D00, 0x1D00, 0x1D00, 0x1D00,
    0x1D00, 0x1D00, 0x1D00, 0x1D00, 0x1D00, 0x1D00, 0x1D00, 0x1D00, 0x1D00, 0x1D00, 0x1D00, 0x1D00, 0x1D00, 0x1D00, 0x1D00, 0x1D00,
    0x1D00, 0x1D00, 0x1D00, 0x1D00, 0x1D00, 0x1D00, 0x1D00, 0x1D00, 0x1D00, 0x1D00, 0x1D00, 0x1D00, 0x1D00, 0x1D00, 0x1D00, 0x1D00,
    0x1D00, 0x1D00, 0x1D00, 0x1D00, 0x1D00, 0x1D00, 0x1D00, 0x1D00, 0x1D00, 0x1D00, 0x1D00, 0x1D00, 0x1D00, 0x1D00, 0x1D00, 0x1D00,
    0x1D00, 0x1D00, 0x1D00, 0x1D00, 0x1D00, 0x1D00, 0x1D00, 0x1D00, 0x1D00, 0x1D00, 0x1D00, 0x1D00, 0x1D00, 0x1D00, 0x1D00, 0x1D00,
    0x1D00, 0x1D00, 0x1D00, 0x1D00, 0x1D00, 0x1D00, 0x1D00, 0x1D00, 0x1D00, 0x1D00, 0x1D00, 0x1D00, 0x1D00, 0x1D00, 0x1D00, 0x1D00,
    0x1D00, 0x1D00, 0x1D00, 0x1D00, 0x1D00, 0x1D00, 0x1D00, 0x1D00, 0x1D00, 0x1D00, 0x1D00, 0x1D00, 0x1D00, 0x1D00, 0x1D00, 0x1D00,
    0x1D00, 0x1D00, 0x1D00, 0x1D00, 0x1D00, 0x1D00, 0x1D00, 0x1D00, 0x1D00, 0x1D00, 0x1D00, 0x1D00, 0x1D00, 0x1D00, 0x1D00, 0x1D00,
    0x1D00, 0x1D00, 0x1D00, 0x1D00, 0x1D00, 0x1D00, 0x1D00, 0x1D00, 0x1D00, 0x1D00, 0x1D00, 0x1D00, 0x1D00, 0x1D00, 0x1D00, 0x1D00,
    0x1D00, 0x1D00, 0x1D00, 0x1D00, 0x1D00, 0x1D00, 0x1D00, 0x1D00, 0x1D00, 0x1D00, 0x1D00, 0x1D00, 0x1D00, 0x1D00, 0x1D00, 0x1D00,
    0x1D00, 0x1D00, 0x1D00, 0x1D00, 0x1D00, 0x1D00, 0x1D00, 0x1D00, 0x1D00, 0x1D00, 0x1D00, 0x1D00, 0x1D00, 0x1D00, 0x1D00, 0x1D00,
    0x1D00, 0x1D00, 0x1D00, 0x1D00, 0x1D00, 0x1D00, 0x1D00, 0x1D00, 0x1D00, 0x1D00, 0x1D00, 0x1D00, 0x1D00, 0x1D00, 0x1D00, 0x1D00,
    0x1D00, 0x1D00, 0x1D00, 0x1D00, 0x1D00, 0x1D00, 0x1D00, 0x1D00, 0x1D00, 0x1D00, 0x1D00, 0x1D00, 0x1D00, 0x1D00, 0x1D00, 0x1D00,
    0x1D00, 0x1D00, 0x1D00, 0x1D00, 0x1D00, 0x1D00, 0x1D00, 0x1D00, 0x1D00, 0x1D00, 0x1D00, 0x1D00, 0x1D00, 0x1D00, 0x1D00, 0x1D00,
    0x1D00, 0x1D00, 0x1D00, 0x1D00, 0x1D00, 0x1D00, 0x1D00, 0x1D00, 0x1D00, 0x1D00, 0x1D00, 0x1D00, 0x1D00, 0x1D00, 0x1D00, 0x1D00,
    0x1D00, 0x1D00, 0x1D00, 0x1D00, 0x1D00, 0x1D00, 0x1D00, 0x1D00, 0x1D00, 0x1D00, 0x1D00, 0x1D00, 0x1D00, 0x1D00, 0x1D00, 0x1D00,
    0x1D00, 0x1D00, 0x1D00, 0x1D00, 0x1D00, 0x1D00, 0x1D00, 0x1D00, 0x1D00, 0x1D00, 0x1D00, 0x1D00, 0x1D00, 0x1D00, 0x1D00, 0x1D00,
    0x1D00, 0x1D00, 0x1D00, 0x1D00, 0x1D00, 0x1D00, 0x1D00, 0x1D00, 0x1D00, 0x1D00, 0x1D00, 0x1D00, 0x1D00, 0x1D00, 0x1D00, 0x1D00,
    0x1D00, 0x1D00, 0x1D00, 0x1D00, 0x1D00, 0x1D00, 0x1D00, 0x1D00, 0x1D00, 0x1D00, 0x1D00, 0x1D00, 0x1D00, 0x1D00, 0x1D00, 0x1D00,
    0x1D00, 0x1D00, 0x1D00, 0x1D00, 0x1D00, 0x1D00, 0x1D00, 0x1D00, 0x1D00, 0x1D00, 0x1D00, 0x1D00, 0x1D00, 0x1D00, 0x1D00, 0x1D00,
    0x1D00, 0x1D00, 0x1D00, 0x1D00, 0x1D00, 0x1D00, 0x1D00, 0x1D00, 0x1D00, 0x1D00, 0x1D00, 0x1D00, 0x1D00, 0x1D00, 0x1D00, 0x1D00,
    0x1D00, 0x1D00, 0x1D00, 0x1D00, 0x1D00, 0x1D00, 0x1D00, 0x1D00, 0x1D00, 0x1D00, 0x1D00, 0x1D00, 0x1D00, 0x1D00, 0x1D00, 0x1D00,
    0x1D00, 0x1D00, 0x1D00, 0x1D00, 0x1D00, 0x1D00, 0x1D00, 0x1D00, 0x1D00, 0x1D00, 0x1D00, 0x1D00, 0x1D00, 0x1D00, 0x1D00, 0x1D00,
    0x1D00, 0x1D00, 0x1D00, 0x1D00, 0x1D00, 0x1D00, 0x1D00, 0x1D00, 0x1D00, 0x1D00, 0x1D00, 0x1D00, 0x1D00, 0x1D00, 0x1D00, 0x1D00,
    0x1D00, 0x1D00, 0x1D00, 0x1D00, 0x1D00, 0x1D00, 0x1D00, 0x1D00, 0x1D00, 0x1D00, 0x1D00, 0x1D00, 0x1D00, 0x1D00, 0x1D00, 0x1D00,
    0x1D00, 0x1D00, 0x1D00, 0x1D00, 0x1D00, 0x1D00, 0x1D00, 0x1D00, 0x1D00, 0x1D00, 0x1D00, 0x1D00, 0x1D00, 0x1D00, 0x1D00, 0x1D00,
    0x1D00, 0x1D00, 0x1D00, 0x1D00, 0x1D00, 0x1D00, 0x1D00, 0x1D00, 0x1D00, 0x1D00, 0x1D00, 0x1D00, 0x1D00, 0x1D00, 0x1D00, 0x1D00,
    0x1D00, 0x1D00, 0x1D00, 0x1D00, 0x1D00, 0x1D00, 0x1D00, 0x1D00, 0x1D00, 0x1D00, 0x1D00, 0x1D00, 0x1D00, 0x1D00, 0x1D00, 0x1D00,
    0x1D00, 0x1D00, 0x1D00, 0x1D00, 0x1D00, 0x1D00, 0x1D00, 0x1D00, 0x1D00, 0x1D00, 0x1D00, 0x1D00, 0x1D00, 0x1D00, 0x1D00, 0x1D00,
    0x1D00, 0x1D00, 0x1D00, 0x1D00, 0x1D00, 0x1D00, 0x1D00, 0x1D00, 0x1D00, 0x1D00, 0x1D00, 0x1D00, 0x1D00, 0x1D00, 0x1D00, 0x1D00,
    0x1D00, 0x1D00, 0x1D00, 0x1D00, 0x1D00, 0x1D00, 0x1D00, 0x1D00, 0x1D00, 0x1D00, 0x1D00, 0x1D00, 0x1D00, 0x1D00, 0x1D00, 0x1D00,
    0x1D00, 0x1D00, 0x1D00, 0x1D00, 0x1D00, 0x1D00, 0x1D00, 0x1D00, 0x1D00, 0x1D00, 0x1D00, 0x1D00, 0x1D00, 0x1D00, 0x1D00, 0x1D00,
    0x1D00, 0x1D00, 0x1D00, 0x1D00, 0x1D00, 0x1D00, 0x1D00, 0x1D00, 0x1D00, 0x1D00, 0x1D00, 0x1D00, 0x1D00, 0x1D00, 0x1D00, 0x1D00,
    0x1D00, 0x1D00, 0x1D00, 0x1D00, 0x1D00, 0x1D00, 0x1D00, 0x1D00, 0x1D00, 0x1D00, 0x1D00, 0x1D00, 0x1D00, 0x1D00, 0x1D00, 0x1D00,
    0x1D00, 0x1D00, 0x1D00, 0x1D00, 0x1D00, 0x1D00, 0x1D00, 0x1D00, 0x1D00, 0x1D00, 0x1D00, 0x1D00, 0x1D00, 0x1D00, 0x1D00, 0x1D00,
    0x1D00, 0x1D00, 0x1D00, 0x1D00, 0x1D00, 0x1D00, 0x1D00, 0x1D00, 0x1D00, 0x1D00, 0x1D00, 0x1D00, 0x1D00, 0x1D00, 0x1D00, 0x1D00,
    0x1D00, 0x1D00, 0x1D00, 0x1D00, 0x1D00, 0x1D00, 0x1D00, 0x1D00, 0x1D00, 0x1D00, 0x1D00, 0x1D00, 0x1D00, 0x1D00, 0x1D00, 0x1D00,
    0x1D00, 0x1D00, 0x1D00, 0x1D00, 0x1D00, 0x1D00, 0x1D00, 0x1D00, 0x1D00, 0x1D00, 0x1D00, 0x1D00, 0x1D00, 0x1D00, 0x1D00, 0x1D00,
    0x1D00, 0x1D00, 0x1D00, 0x1D00, 0x1D00, 0x1D00, 0x1D00, 0x1D00, 0x1D00, 0x1D00, 0x1D00, 0x1D00, 0x1D00, 0x1D00, 0x1D00, 0x1D00,
    0x1D00, 0x1D00, 0x1D00, 0x1D00, 0x1D00, 0x1D00, 0x1D00, 0x1D00, 0x1D00, 0x1D00, 0x1D00, 0x1D00, 0x1D00, 0x1D00, 0x1D00, 0x1D00,
    0x1D00, 0x1D00, 0x1D00, 0x1D00, 0x1D00, 0x1D00, 0x1D00, 0x1D00, 0x1D00, 0x1D00, 0x1D00, 0x1D00, 0x1D00, 0x1D00, 0x1D00, 0x1D00,
    0x1D00, 0x1D00, 0x1D00, 0x1D00, 0x1D00, 0x1D00, 0x1D00, 0x1D00, 0x1D00, 0x1D00, 0x1D00, 0x1D00, 0x1D00, 0x1D00, 0x1D00, 0x1D00,
    0x1D00, 0x1D00, 0x1D00, 0x1D00, 0x1D00, 0x1D00, 0x1D00, 0x1D00, 0x1D00, 0x1D00, 0x1D00, 0x1D00, 0x1D00, 0x1D00, 0x1D00, 0x1D00,
    0x1D00, 0x1D00, 0x1D00, 0x1D00, 0x1D00, 0x1D00, 0x1D00, 0x1D00, 0x1D00, 0x1D00, 0x1D00, 0x1D00, 0x1D00, 0x1D00, 0x1D00, 0x1D00,
    0x1D00, 0x1D00, 0x1D00, 0x1D00, 0x1D00, 0x1D00, 0x1D00, 0x1D00, 0x1D00, 0x1D00, 0x1D00, 0x1D00, 0x1D00, 0x1D00, 0x1D00, 0x1D00,
    0x1D00, 0x1D00, 0x1D00, 0x1D00, 0x1D00, 0x1D00, 0x1D00, 0x1D00, 0x1D00, 0x1D00, 0x1D00, 0x1D00, 0x1D00, 0x1D00, 0x1D00, 0x1D00,
    0x1D00, 0x1D00, 0x1D00, 0x1D00, 0x1D00, 0x1D00, 0x1D00, 0x1D00, 0x1D00, 0x1D00, 0x1D00, 0x1D00, 0x1D00, 0x1D00, 0x1D00, 0x1D00,
    0x1D00, 0x1D00, 0x1D00, 0x1D00, 0x1D00, 0x1D00, 0x1D00, 0x1D00, 0x1D00, 0x1D00, 0x1D00, 0x1D00, 0x1D00, 0x1D00, 0x1D00, 0x1D00,
    0x1D00, 0x1D00, 0x1D00, 0x1D00, 0x1D00, 0x1D00, 0x1D00, 0x1D00, 0x1D00, 0x1D00, 0x1D00, 0x1D00, 0x1D00, 0x1D00, 0x1D00, 0x1D00,
    0x1D00, 0x1D00, 0x1D00, 0x1D00, 0x1D00, 0x1D00, 0x1D00, 0x1D00, 0x1D00, 0x1D00, 0x1D00, 0x1D00, 0x1D00, 0x1D00, 0x1D00, 0x1D00,
    0x1D00, 0x1D00, 0x1D00, 0x1D00, 0x1D00, 0x1D00, 0x1D00, 0x1D00, 0x1D00, 0x1D00, 0x1D00, 0x1D00, 0x1D00, 0x1D00, 0x1D00, 0x1D00,
    0x1D00, 0x1D00, 0x1D00, 0x1D00, 0x1D00, 0x1D00, 0x1D00, 0x1D00, 0x1D00, 0x1D00, 0x1D00, 0x1D00, 0x1D00, 0x1D00, 0x1D00, 0x1D00,
    0x1D00, 0x1D00, 0x1D00, 0x1D00, 0x1D00, 0x1D00, 0x1D00, 0x1D00, 0x1D00, 0x1D00, 0x1D00, 0x1D00, 0x1D00, 0x1D00, 0x1D00, 0x1D00,
    0x1D00, 0x1D00, 0x1D00, 0x1D00, 0x1D00, 0x1D00, 0x1D00, 0x1D00, 0x1D00, 0x1D00, 0x1D00, 0x1D00, 0x1D00, 0x1D00, 0x1D00, 0x1D00,
    0x1D00, 0x1D00, 0x1D00, 0x1D00, 0x1D00, 0x1D00, 0x1D00, 0x1D00, 0x1D00, 0x1D00, 0x1D00, 0x1D00, 0x1D00, 0x1D00, 0x1D00, 0x1D00,
    0x1D00, 0x1D00, 0x1D00, 0x1D00, 0x1D00, 0x1D00, 0x1D00, 0x1D00, 0x1D00, 0x1D00, 0x1D00, 0x1D00, 0x1D00, 0x1D00, 0x1D00, 0x1D00,
    0x1D00, 0x1D00, 0x1D00, 0x1D00, 0x1D00, 0x1D00, 0x1D00, 0x1D00, 0x1D00, 0x1D00, 0x1D00, 0x1D00, 0x1D00, 0x1D00, 0x1D00, 0x1D00,
    0x1D00, 0x1D00, 0x1D00, 0x1D00, 0x1D00, 0x1D00, 0x1D00, 0x1D00, 0x1D00, 0x1D00, 0x1D00, 0x1D00, 0x1D00, 0x1D00, 0x1D00, 0x1D00,
    0x1D00, 0x1D00, 0x1D00, 0x1D00, 0x1D00, 0x1D00, 0x1D00, 0x1D00, 0x1D00, 0x1D00, 0x1D00, 0x1D00, 0x1D00, 0x1D00, 0x1D00, 0x1D00,
    0x1D00, 0x1D00, 0x1D00, 0x1D00, 0x1D00, 0x1D00, 0x1D00, 0x1D00, 0x1D00, 0x1D00, 0x1D00, 0x1D00, 0x1D00, 0x1D00, 0x1D00, 0x1D00,
    0x1D00, 0x1D00, 0x1D00, 0x1D00, 0x1D00, 0x1D00, 0x1D00, 0x1D00, 0x1D00, 0x1D00, 0x1D00, 0x1D00, 0x1D00, 0x1D00, 0x1D00, 0x1D00,
    0x1D00, 0x1D00, 0x1D00, 0x1D00, 0x1D00, 0x1D00, 0x1D00, 0x1D00, 0x1D00, 0x1D00, 0x1D00, 0x1D00, 0x1D00, 0x1D00, 0x1D00, 0x1D00,
    0x1D00, 0x1D00, 0x1D00, 0x1D00, 0x1D00, 0x1D00, 0x1D00, 0x1D00, 0x1D00, 0x1D00, 0x1D00, 0x1D00, 0x1D00, 0x1D00, 0x1D00, 0x1D00,
    0x1D00, 0x1D00, 0x1D00, 0x1D00, 0x1D00, 0x1D00, 0x1D00, 0x1D00, 0x1D00, 0x1D00, 0x1D00, 0x1D00, 0x1D00, 0x1D00, 0x1D00, 0x1D00,
    0x1D00, 0x1D00, 0x1D00, 0x1D00, 0x1D00, 0x1D00, 0x1D00, 0x1D00, 0x1D00, 0x1D00, 0x1D00, 0x1D00, 0x1D00, 0x1D00, 0x1D00, 0x1D00,
    0x1D00, 0x1D00, 0x1D00, 0x1D00, 0x1D00, 0x1D00, 0x1D00, 0x1D00, 0x1D00, 0x1D00, 0x1D00, 0x1D00, 0x1D00, 0x1D00, 0x1D00, 0x1D00,
    0x1D00, 0x1D00, 0x1D00, 0x1D00, 0x1D00, 0x1D00, 0x1D00, 0x1D00, 0x1D00, 0x1D00, 0x1D00, 0x1D00, 0x1D00, 0x1D00, 0x1D00, 0x1D00,
    0x1D00, 0x1D00, 0x1D00, 0x1D00, 0x1D00, 0x1D00, 0x1D00, 0x1D00, 0x1D00, 0x1D00, 0x1D00, 0x1D00, 0x1D00, 0x1D00, 0x1D00, 0x1D00,
    0x1D00, 0x1D00, 0x1D00, 0x1D00, 0x1D00, 0x1D00, 0x1D00, 0x1D00, 0x1D00, 0x1D00, 0x1D00, 0x1D00, 0x1D00, 0x1D00, 0x1D00, 0x1D00,
    0x1D00, 0x1D00, 0x1D00, 0x1D00, 0x1D00, 0x1D00, 0x1D00, 0x1D00, 0x1D00, 0x1D00, 0x1D00, 0x1D00, 0x1D00, 0x1D00, 0x1D00, 0x1D00,
    0x1D00, 0x1D00, 0x1D00, 0x1D00, 0x1D00, 0x1D00, 0x1D00, 0x1D00, 0x1D00, 0x1D00, 0x1D00, 0x1D00, 0x1D00, 0x1D00, 0x1D00, 0x1D00,
    0x1D00, 0x1D00, 0x1D00, 0x1D00, 0x1D00, 0x1D00, 0x1D00, 0x1D00, 0x1D00, 0x1D00, 0x1D00, 0x1D00, 0x1D00, 0x1D00, 0x1D00, 0x1D00,
    0x1D00, 0x1D00, 0x1D00, 0x1D00, 0x1D00, 0x1D00, 0x1D00, 0x1D00, 0x1D00, 0x1D00, 0x1D00, 0x1D00, 0x1D00, 0x1D00, 0x1D00, 0x1D00,
    0x1D00, 0x1D00, 0x1D00, 0x1D00, 0x1D00, 0x1D00, 0x1D00, 0x1D00, 0x1D00, 0x1D00, 0x1D00, 0x1D00, 0x1D00, 0x1D00, 0x1D00, 0x1D00,
    0x1D00, 0x1D00, 0x1D00, 0x1D00, 0x1D00, 0x1D00, 0x1D00, 0x1D00, 0x1D00, 0x1D00, 0x1D00, 0x1D00, 0x1D00, 0x1D00, 0x1D00, 0x1D00,
    0x1D00, 0x1D00, 0x1D00, 0x1D00, 0x1D00, 0x1D00, 0x1D00, 0x1D00, 0x1D00, 0x1D00, 0x1D00, 0x1D00, 0x1D00, 0x1D00, 0x1D00, 0x1D00,
    0x1D00, 0x1D00, 0x1D00, 0x1D00, 0x1D00, 0x1D00, 0x1D00, 0x1D00, 0x1D00, 0x1D00, 0x1D00, 0x1D00, 0x1D00, 0x1D00, 0x1D00, 0x1D00,
    0x1D00, 0x1D00, 0x1D00, 0x1D00, 0x1D00, 0x1D00, 0x1D00, 0x1D00, 0x1D00, 0x1D00, 0x1D00, 0x1D00, 0x1D00, 0x1D00, 0x1D00, 0x1D00,
    0x1D00, 0x1D00, 0x1D00, 0x1D00, 0x1D00, 0x1D00, 0x1D00, 0x1D00, 0x1D00, 0x1D00, 0x1D00, 0x1D00, 0x1D00, 0x1D00, 0x1D00, 0x1D00,
    0x1D00, 0x1D00, 0x1D00, 0x1D00, 0x1D00, 0x1D00, 0x1D00, 0x1D00, 0x1D00, 0x1D00, 0x1D00, 0x1D00, 0x1D00, 0x1D00, 0x1D00, 0x1D00,
    0x1D00, 0x1D00, 0x1D00, 0x1D00, 0x1D00, 0x1D00, 0x1D00, 0x1D00, 0x1D00, 0x1D00, 0x1D00, 0x1D00, 0x1D00, 0x1D00, 0x1D00, 0x1D00,
    0x1D00, 0x1D00, 0x1D00, 0x1D00, 0x1D00, 0x1D00, 0x1D00, 0x1D00, 0x1D00, 0x1D00, 0x1D00, 0x1D00, 0x1D00, 0x1D00, 0x1D00, 0x1D00,
    0x1D00, 0x1D00, 0x1D00, 0x1D00, 0x1D00, 0x1D00, 0x1D00, 0x1D00, 0x1D00, 0x1D00, 0x1D00, 0x1D00, 0x1D00, 0x1D00, 0x1D00, 0x1D00,
    0x1D00, 0x1D00, 0x1D00, 0x1D00, 0x1D00, 0x1D00, 0x1D00, 0x1D00, 0x1D00, 0x1D00, 0x1D00, 0x1D00, 0x1D00, 0x1D00, 0x1D00, 0x1D00,
    0x1D00, 0x1D00, 0x1D00, 0x1D00, 0x1D00, 0x1D00, 0x1D00, 0x1D00, 0x1D00, 0x1D00, 0x1D00, 0x1D00, 0x1D00, 0x1D00, 0x1D00, 0x1D00,
    0x1D00, 0x1D00, 0x1D00, 0x1D00, 0x1D00, 0x1D00, 0x1D00, 0x1D00, 0x1D00, 0x1D00, 0x1D00, 0x1D00, 0x1D00, 0x1D00, 0x1D00, 0x1D00,
    0x1D00, 0x1D00, 0x1D00, 0x1D00, 0x1D00, 0x1D00, 0x1D00, 0x1D00, 0x1D00, 0x1D00, 0x1D00, 0x1D00, 0x1D00, 0x1D00, 0x1D00, 0x1D00,
    0x1D00, 0x1D00, 0x1D00, 0x1D00, 0x1D00, 0x1D00, 0x1D00, 0x1D00, 0x1D00, 0x1D00, 0x1D00, 0x1D00, 0x1D00, 0x1D00, 0x1D00, 0x1D00,
    0x1D00, 0x1D00, 0x1D00, 0x1D00, 0x1D00, 0x1D00, 0x1D00, 0x1D00, 0x1D00, 0x1D00, 0x1D00, 0x1D00, 0x1D00, 0x1D00, 0x1D00, 0x1D00,
    0x1D00, 0x1D00, 0x1D00, 0x1D00, 0x1D00, 0x1D00, 0x1D00, 0x1D00, 0x1D00, 0x1D00, 0x1D00, 0x1D00, 0x1D00, 0x1D00, 0x1D00, 0x1D00,
    0x1D00, 0x1D00, 0x1D00, 0x1D00, 0x1D00, 0x1D00, 0x1D00, 0x1D00, 0x1D00, 0x1D00, 0x1D00, 0x1D00, 0x1D00, 0x1D00, 0x1D00, 0x1D00,
    0x1D00, 0x1D00, 0x1D00, 0x1D00, 0x1D00, 0x1D00, 0x1D00, 0x1D00, 0x1D00, 0x1D00, 0x1D00, 0x1D00, 0x1D00, 0x1D00, 0x1D00, 0x1D00,
    0x1D00, 0x1D00, 0x1D00, 0x1D00, 0x1D00, 0x1D00, 0x1D00, 0x1D00, 0x1D00, 0x1D00, 0x1D00, 0x1D00, 0x1D00, 0x1D00, 0x1D00, 0x1D00,
    0x1D00, 0x1D00, 0x1D00, 0x1D00, 0x1D00, 0x1D00, 0x1D00, 0x1D00, 0x1D00, 0x1D00, 0x1D00, 0x1D00, 0x1D00, 0x1D00, 0x1D00, 0x1D00,
    0x1D00, 0x1D00, 0x1D00, 0x1D00, 0x1D00, 0x1D00, 0x1D00, 0x1D00, 0x1D00, 0x1D00, 0x1D00, 0x1D00, 0x1D00, 0x1D00, 0x1D00, 0x1D00,
    0x1D00, 0x1D00, 0x1D00, 0x1D00, 0x1D00, 0x1D00, 0x1D00, 0x1D00, 0x1D00, 0x1D00, 0x1D00, 0x1D00, 0x1D00, 0x1D00, 0x1D00, 0x1D00,
    0x1D00, 0x1D00, 0x1D00, 0x1D00, 0x1D00, 0x1D00, 0x1D00, 0x1D00, 0x1D00, 0x1D00, 0x1D00, 0x1D00, 0x1D00, 0x1D00, 0x1D00, 0x1D00,
    0x1D00, 0x1D00, 0x1D00, 0x1D00, 0x1D00, 0x1D00, 0x1D00, 0x1D00, 0x1D00, 0x1D00, 0x1D00, 0x1D00, 0x1D00, 0x1D00, 0x1D00, 0x1D00,
    0x1D00, 0x1D00, 0x1D00, 0x1D00, 0x1D00, 0x1D00, 0x1D00, 0x1D00, 0x1D00, 0x1D00, 0x1D00, 0x1D00, 0x1D00, 0x1D00, 0x1D00, 0x1D00,
    0x1D00, 0x1D00, 0x1D00, 0x1D00, 0x1D00, 0x1D00, 0x1D00, 0x1D00, 0x1D00, 0x1D00, 0x1D00, 0x1D00, 0x1D00, 0x1D00, 0x1D00, 0x1D00,
    0x1D00, 0x1D00, 0x1D00, 0x1D00, 0x1D00, 0x1D00, 0x1D00, 0x1D00, 0x1D00, 0x1D00, 0x1D00, 0x1D00, 0x1D00, 0x1D00, 0x1D00, 0x1D00,
    0x1D00, 0x1D00, 0x1D00, 0x1D00, 0x1D00, 0x1D00, 0x1D00, 0x1D00, 0x1D00, 0x1D00, 0x1D00, 0x1D00, 0x1D00, 0x1D00, 0x1D00, 0x1D00,
    0x1D00, 0x1D00, 0x1D00, 0x1D00, 0x1D00, 0x1D00, 0x1D00, 0x1D00, 0x1D00, 0x1D00, 0x1D00, 0x1D00, 0x1D00, 0x1D00, 0x1D00, 0x1D00,
    0x1D00, 0x1D00, 0x1D00, 0x1D00, 0x1D00, 0x1D00, 0x1D00, 0x1D00, 0x1D00, 0x1D00, 0x1D00, 0x1D00, 0x1D00, 0x1D00, 0x1D00, 0x1D00,
    0x1D00, 0x1D00, 0x1D00, 0x1D00, 0x1D00, 0x1D00, 0x1D00, 0x1D00, 0x1D00, 0x1D00, 0x1D00, 0x1D00, 0x1D00, 0x1D00, 0x1D00, 0x1D00,
    0x1D00, 0x1D00, 0x1D00, 0x1D00, 0x1D00, 0x1D00, 0x1D00, 0x1D00, 0x1D00, 0x1D00, 0x1D00, 0x1D00, 0x1D00, 0x1D00, 0x1D00, 0x1D00,
    0x1D00, 0x1D00, 0x1D00, 0x1D00, 0x1D00, 0x1D00, 0x1D00, 0x1D00, 0x1D00, 0x1D00, 0x1D00, 0x1D00, 0x1D00, 0x1D00, 0x1D00, 0x1D00,
    0x1D00, 0x1D00, 0x1D00, 0x1D00, 0x1D00, 0x1D00, 0x1D00, 0x1D00, 0x1D00, 0x1D00, 0x1D00, 0x1D00, 0x1D00, 0x1D00, 0x1D00, 0x1D00,
    0x1D00, 0x1D00, 0x1D00, 0x1D00, 0x1D00, 0x1D00, 0x1D00, 0x1D00, 0x1D00, 0x1D00, 0x1D00, 0x1D00, 0x1D00, 0x1D00, 0x1D00, 0x1D00,
    0x1D00, 0x1D00, 0x1D00, 0x1D00, 0x1D00, 0x1D00, 0x1D00, 0x1D00, 0x1D00, 0x1D00, 0x1D00, 0x1D00, 0x1D00, 0x1D00, 0x1D00, 0x1D00,
    0x1D00, 0x1D00, 0x1D00, 0x1D00, 0x1D00, 0x1D00, 0x1D00, 0x1D00, 0x1D00, 0x1D00, 0x1D00, 0x1D00, 0x1D00, 0x1D00, 0x1D00, 0x1D00,
    0x1D00, 0x1D00, 0x1D00, 0x1D00, 0x1D00, 0x1D00, 0x1D00, 0x1D00, 0x1D00, 0x1D00, 0x1D00, 0x1D00, 0x1D00, 0x1D00, 0x1D00, 0x1D00,
    0x1D00, 0x1D00, 0x1D00, 0x1D00, 0x1D00, 0x1D00, 0x1D00, 0x1D00, 0x1D00, 0x1D00, 0x1D00, 0x1D00, 0x1D00, 0x1D00, 0x1D00, 0x1D00,
    0x1D00, 0x1D00, 0x1D00, 0x1D00, 0x1D00, 0x1D00, 0x1D00, 0x1D00, 0x1D00, 0x1D00, 0x1D00, 0x1D00, 0x1D00, 0x1D00, 0x1D00, 0x1D00,
    0x1D00, 0x1D00, 0x1D00, 0x1D00, 0x1D00, 0x1D00, 0x1D00, 0x1D00, 0x1D00, 0x1D00, 0x1D00, 0x1D00, 0x1D00, 0x1D00, 0x1D00, 0x1D00,
    0x1D00, 0x1D00, 0x1D00, 0x1D00, 0x1D00, 0x1D00, 0x1D00, 0x1D00, 0x1D00, 0x1D00, 0x1D00, 0x1D00, 0x1D00, 0x1D00, 0x1D00, 0x1D00,
    0x1D00, 0x1D00, 0x1D00, 0x1D00, 0x1D00, 0x1D00, 0x1D00, 0x1D00, 0x1D00, 0x1D00, 0x1D00, 0x1D00, 0x1D00, 0x1D00, 0x1D00, 0x1D00,
    0x1D00, 0x1D00, 0x1D00, 0x1D00, 0x1D00, 0x1D00, 0x1D00, 0x1D00, 0x1D00, 0x1D00, 0x1D00, 0x1D00, 0x1D00, 0x1D00, 0x1D00, 0x1D00,
    0x1D00, 0x1D00, 0x1D00, 0x1D00, 0x1D00, 0x1D00, 0x1D00, 0x1D00, 0x1D00, 0x1D00, 0x1D00, 0x1D00, 0x1D00, 0x1D00, 0x1D00, 0x1D00,
    0x1D00, 0x1D00, 0x1D00, 0x1D00, 0x1D00, 0x1D00, 0x1D00, 0x1D00, 0x1D00, 0x1D00, 0x1D00, 0x1D00, 0x1D00, 0x1D00, 0x1D00, 0x1D00,
    0x1D00, 0x1D00, 0x1D00, 0x1D00, 0x1D00, 0x1D00, 0x1D00, 0x1D00, 0x1D00, 0x1D00, 0x1D00, 0x1D00, 0x1D00, 0x1D00, 0x1D00, 0x1D00,
    0x1D00, 0x1D00, 0x1D00, 0x1D00, 0x1D00, 0x1D00, 0x1D00, 0x1D00, 0x1D00, 0x1D00, 0x1D00, 0x1D00, 0x1D00, 0x1D00, 0x1D00, 0x1D00,
    0x1D00, 0x1D00, 0x1D00, 0x1D00, 0x1D00, 0x1D00, 0x1D00, 0x1D00, 0x1D00, 0x1D00, 0x1D00, 0x1D00, 0x1D00, 0x1D00, 0x1D00, 0x1D00,
    0x1D00, 0x1D00, 0x1D00, 0x1D00, 0x1D00, 0x1D00, 0x1D00, 0x1D00, 0x1D00, 0x1D00, 0x1D00, 0x1D00, 0x1D00, 0x1D00, 0x1D00, 0x1D00,
    0x1D00, 0x1D00, 0x1D00, 0x1D00, 0x1D00, 0x1D00, 0x1D00, 0x1D00, 0x1D00, 0x1D00, 0x1D00, 0x1D00, 0x1D00, 0x1D00, 0x1D00, 0x1D00,
    0x1D00, 0x1D00, 0x1D00, 0x1D00, 0x1D00, 0x1D00, 0x1D00, 0x1D00, 0x1D00, 0x1D00, 0x1D00, 0x1D00, 0x1D00, 0x1D00, 0x1D00, 0x1D00,
    0x1D00, 0x1D00, 0x1D00, 0x1D00, 0x1D00, 0x1D00, 0x1D00, 0x1D00, 0x1D00, 0x1D00, 0x1D00, 0x1D00, 0x1D00, 0x1D00, 0x1D00, 0x1D00,
    0x1D00, 0x1D00, 0x1D00, 0x1D00, 0x1D00, 0x1D00, 0x1D00, 0x1D00, 0x1D00, 0x1D00, 0x1D00, 0x1D00, 0x1D00, 0x1D00, 0x1D00, 0x1D00,
    0x1D00, 0x1D00, 0x1D00, 0x1D00, 0x1D00, 0x1D00, 0x1D00, 0x1D00, 0x1D00, 0x1D00, 0x1D00, 0x1D00, 0x1D00, 0x1D00, 0x1D00, 0x1D00,
    0x1D00, 0x1D00, 0x1D00, 0x1D00, 0x1D00, 0x1D00, 0x1D00, 0x1D00, 0x1D00, 0x1D00, 0x1D00, 0x1D00, 0x1D00, 0x1D00, 0x1D00, 0x1D00,
    0x1D00, 0x1D00, 0x1D00, 0x1D00, 0x1D00, 0x1D00, 0x1D00, 0x1D00, 0x1D00, 0x1D00, 0x1D00, 0x1D00, 0x1D00, 0x1D00, 0x1D00, 0x1D00,
    0x1D00, 0x1D00, 0x1D00, 0x1D00, 0x1D00, 0x1D00, 0x1D00, 0x1D00, 0x1D00, 0x1D00, 0x1D00, 0x1D00, 0x1D00, 0x1D00, 0x1D00, 0x1D00,
    0x1D00, 0x1D00, 0x1D00, 0x1D00, 0x1D00, 0x1D00, 0x1D00, 0x1D00, 0x1D00, 0x1D00, 0x1D00, 0x1D00, 0x1D00, 0x1D00, 0x1D00, 0x1D00,
    0x1D00, 0x1D00, 0x1D00, 0x1D00, 0x1D00, 0x1D00, 0x1D00, 0x1D00, 0x1D00, 0x1D00, 0x1D00, 0x1D00, 0x1D00, 0x1D00, 0x1D00, 0x1D00,
    0x1D00, 0x1D00, 0x1D00, 0x1D00, 0x1D00, 0x1D00, 0x1D00, 0x1D00, 0x1D00, 0x1D00, 0x1D00, 0x1D00, 0x1D00, 0x1D00, 0x1D00, 0x1D00,
    0x1D00, 0x1D00, 0x1D00, 0x1D00, 0x1D00, 0x1D00, 0x1D00, 0x1D00, 0x1D00, 0x1D00, 0x1D00, 0x1D00, 0x1D00, 0x1D00, 0x1D00, 0x1D00,
    0x1D00, 0x1D00, 0x1D00, 0x1D00, 0x1D00, 0x1D00, 0x1D00, 0x1D00, 0x1D00, 0x1D00, 0x1D00, 0x1D00, 0x1D00, 0x1D00, 0x1D00, 0x1D00,
    0x1D00, 0x1D00, 0x1D00, 0x1D00, 0x1D00, 0x1D00, 0x1D00, 0x1D00, 0x1D00, 0x1D00, 0x1D00, 0x1D00, 0x1D00, 0x1D00, 0x1D00, 0x1D00,
    0x1D00, 0x1D00, 0x1D00, 0x1D00, 0x1D00, 0x1D00, 0x1D00, 0x1D00, 0x1D00, 0x1D00, 0x1D00, 0x1D00, 0x1D00, 0x1D00, 0x1D00, 0x1D00,
    0x1D00, 0x1D00, 0x1D00, 0x1D00, 0x1D00, 0x1D00, 0x1D00, 0x1D00, 0x1D00, 0x1D00, 0x1D00, 0x1D00, 0x1D00, 0x1D00, 0x1D00, 0x1D00,
    0x1D00, 0x1D00, 0x1D00, 0x1D00, 0x1D00, 0x1D00, 0x1D00, 0x1D00, 0x1D00, 0x1D00, 0x1D00, 0x1D00, 0x1D00, 0x1D00, 0x1D00, 0x1D00,
    0x1D00, 0x1D00, 0x1D00, 0x1D00, 0x1D00, 0x1D00, 0x1D00, 0x1D00, 0x1D00, 0x1D00, 0x1D00, 0x1D00, 0x1D00, 0x1D00, 0x1D00, 0x1D00,
    0x1D00, 0x1D00, 0x1D00, 0x1D00, 0x1D00, 0x1D00, 0x1D00, 0x1D00, 0x1D00, 0x1D00, 0x1D00, 0x1D00, 0x1D00, 0x1D00, 0x1D00, 0x1D00,
    0x1D00, 0x1D00, 0x1D00, 0x1D00, 0x1D00, 0x1D00, 0x1D00, 0x1D00, 0x1D00, 0x1D00, 0x1D00, 0x1D00, 0x1D00, 0x1D00, 0x1D00, 0x1D00,
    0x1D00, 0x1D00, 0x1D00, 0x1D00, 0x1D00, 0x1D00, 0x1D00, 0x1D00, 0x1D00, 0x1D00, 0x1D00, 0x1D00, 0x1D00, 0x1D00, 0x1D00, 0x1D00,
    0x1D00, 0x1D00, 0x1D00, 0x1D00, 0x1D00, 0x1D00, 0x1D00, 0x1D00, 0x1D00, 0x1D00, 0x1D00, 0x1D00, 0x1D00, 0x1D00, 0x1D00, 0x1D00,
    0x1D00, 0x1D00, 0x1D00, 0x1D00, 0x1D00, 0x1D00, 0x1D00, 0x1D00, 0x1D00, 0x1D00, 0x1D00, 0x1D00, 0x1D00, 0x1D00, 0x1D00, 0x1D00,
    0x1D00, 0x1D00, 0x1D00, 0x1D00, 0x1D00, 0x1D00, 0x1D00, 0x1D00, 0x1D00, 0x1D00, 0x1D00, 0x1D00, 0x1D00, 0x1D00, 0x1D00, 0x1D00,
    0x1D00, 0x1D00, 0x1D00, 0x1D00, 0x1D00, 0x1D00, 0x1D00, 0x1D00, 0x1D00, 0x1D00, 0x1D00, 0x1D00, 0x1D00, 0x1D00, 0x1D00, 0x1D00,
    0x1D00, 0x1D00, 0x1D00, 0x1D00, 0x1D00, 0x1D00, 0x1D00, 0x1D00, 0x1D00, 0x1D00, 0x1D00, 0x1D00, 0x1D00, 0x1D00, 0x1D00, 0x1D00,
    0x1D00, 0x1D00, 0x1D00, 0x1D00, 0x1D00, 0x1D00, 0x1D00, 0x1D00, 0x1D00, 0x1D00, 0x1D00, 0x1D00, 0x1D00, 0x1D00, 0x1D00, 0x1D00,
    0x1D00, 0x1D00, 0x1D00, 0x1D00, 0x1D00, 0x1D00, 0x1D00, 0x1D00, 0x1D00, 0x1D00, 0x1D00, 0x1D00, 0x1D00, 0x1D00, 0x1D00, 0x1D00,
    0x1D00, 0x1D00, 0x1D00, 0x1D00, 0x1D00, 0x1D00, 0x1D00, 0x1D00, 0x1D00, 0x1D00, 0x1D00, 0x1D00, 0x1D00, 0x1D00, 0x1D00, 0x1D00,
    0x1D00, 0x1D00, 0x1D00, 0x1D00, 0x1D00, 0x1D00, 0x1D00, 0x1D00, 0x1D00, 0x1D00, 0x1D00, 0x1D00, 0x1D00, 0x1D00, 0x1D00, 0x1D00,
    0x1D00, 0x1D00, 0x1D00, 0x1D00, 0x1D00, 0x1D00, 0x1D00, 0x1D00, 0x1D00, 0x1D00, 0x1D00, 0x1D00, 0x1D00, 0x1D00, 0x1D00, 0x1D00,
    0x1D00, 0x1D00, 0x1D00, 0x1D00, 0x1D00, 0x1D00, 0x1D00, 0x1D00, 0x1D00, 0x1D00, 0x1D00, 0x1D00, 0x1D00, 0x1D00, 0x1D00, 0x1D00,
    0x1D00, 0x1D00, 0x1D00, 0x1D00, 0x1D00, 0x1D00, 0x1D00, 0x1D00, 0x1D00, 0x1D00, 0x1D00, 0x1D00, 0x1D00, 0x1D00, 0x1D00, 0x1D00,
    0x1D00, 0x1D00, 0x1D00, 0x1D00, 0x1D00, 0x1D00, 0x1D00, 0x1D00, 0x1D00, 0x1D00, 0x1D00, 0x1D00, 0x1D00, 0x1D00, 0x1D00, 0x1D00,
    0x1D00, 0x1D00, 0x1D00, 0x1D00, 0x1D00, 0x1D00, 0x1D00, 0x1D00, 0x1D00, 0x1D00, 0x1D00, 0x1D00, 0x1D00, 0x1D00, 0x1D00, 0x1D00,
    0x1D00, 0x1D00, 0x1D00, 0x1D00, 0x1D00, 0x1D00, 0x1D00, 0x1D00, 0x1D00, 0x1D00, 0x1D00, 0x1D00, 0x1D00, 0x1D00, 0x1D00, 0x1D00,
    0x1D00, 0x1D00, 0x1D00, 0x1D00, 0x1D00, 0x1D00, 0x1D00, 0x1D00, 0x1D00, 0x1D00, 0x1D00, 0x1D00, 0x1D00, 0x1D00, 0x1D00, 0x1D00,
    0x1D00, 0x1D00, 0x1D00, 0x1D00, 0x1D00, 0x1D00, 0x1D00, 0x1D00, 0x1D00, 0x1D00, 0x1D00, 0x1D00, 0x1D00, 0x1D00, 0x1D00, 0x1D00,
    0x1D00, 0x1D00, 0x1D00, 0x1D00, 0x1D00, 0x1D00, 0x1D00, 0x1D00, 0x1D00, 0x1D00, 0x1D00, 0x1D00, 0x1D00, 0x1D00, 0x1D00, 0x1D00,
    0x1D00, 0x1D00, 0x1D00, 0x1D00, 0x1D00, 0x1D00, 0x1D00, 0x1D00, 0x1D00, 0x1D00, 0x1D00, 0x1D00, 0x1D00, 0x1D00, 0x1D00, 0x1D00,
    0x1D00, 0x1D00, 0x1D00, 0x1D00, 0x1D00, 0x1D00, 0x1D00, 0x1D00, 0x1D00, 0x1D00, 0x1D00, 0x1D00, 0x1D00, 0x1D00, 0x1D00, 0x1D00,
    0x1D00, 0x1D00, 0x1D00, 0x1D00, 0x1D00, 0x1D00, 0x1D00, 0x1D00, 0x1D00, 0x1D00, 0x1D00, 0x1D00, 0x1D00, 0x1D00, 0x1D00, 0x1D00,
    0x1D00, 0x1D00, 0x1D00, 0x1D00, 0x1D00, 0x1D00, 0x1D00, 0x1D00, 0x1D00, 0x1D00, 0x1D00, 0x1D00, 0x1D00, 0x1D00, 0x1D00, 0x1D00,
    0x1D00, 0x1D00, 0x1D00, 0x1D00, 0x1D00, 0x1D00, 0x1D00, 0x1D00, 0x1D00, 0x1D00, 0x1D00, 0x1D00, 0x1D00, 0x1D00, 0x1D00, 0x1D00,
    0x1D00, 0x1D00, 0x1D00, 0x1D00, 0x1D00, 0x1D00, 0x1D00, 0x1D00, 0x1D00, 0x1D00, 0x1D00, 0x1D00, 0x1D00, 0x1D00, 0x1D00, 0x1D00,
    0x1D00, 0x1D00, 0x1D00, 0x1D00, 0x1D00, 0x1D00, 0x1D00, 0x1D00, 0x1D00, 0x1D00, 0x1D00, 0x1D00, 0x1D00, 0x1D00, 0x1D00, 0x1D00,
    0x1D00, 0x1D00, 0x1D00, 0x1D00, 0x1D00, 0x1D00, 0x1D00, 0x1D00, 0x1D00, 0x1D00, 0x1D00, 0x1D00, 0x1D00, 0x1D00, 0x1D00, 0x1D00,
    0x1D00, 0x1D00, 0x1D00, 0x1D00, 0x1D00, 0x1D00, 0x1D00, 0x1D00, 0x1D00, 0x1D00, 0x1D00, 0x1D00, 0x1D00, 0x1D00, 0x1D00, 0x1D00,
    0x1D00, 0x1D00, 0x1D00, 0x1D00, 0x1D00, 0x1D00, 0x1D00, 0x1D00, 0x1D00, 0x1D00, 0x1D00, 0x1D00, 0x1D00, 0x1D00, 0x1D00, 0x1D00,
    0x1D00, 0x1D00, 0x1D00, 0x1D00, 0x1D00, 0x1D00, 0x1D00, 0x1D00, 0x1D00, 0x1D00, 0x1D00, 0x1D00, 0x1D00, 0x1D00, 0x1D00, 0x1D00,
    0x1D00, 0x1D00, 0x1D00, 0x1D00, 0x1D00, 0x1D00, 0x1D00, 0x1D00, 0x1D00, 0x1D00, 0x1D00, 0x1D00, 0x1D00, 0x1D00, 0x1D00, 0x1D00,
    0x1D00, 0x1D00, 0x1D00, 0x1D00, 0x1D00, 0x1D00, 0x1D00, 0x1D00, 0x1D00, 0x1D00, 0x1D00, 0x1D00, 0x1D00, 0x1D00, 0x1D00, 0x1D00,
    0x1D00, 0x1D00, 0x1D00, 0x1D00, 0x1D00, 0x1D00, 0x1D00, 0x1D00, 0x1D00, 0x1D00, 0x1D00, 0x1D00, 0x1D00, 0x1D00, 0x1D00, 0x1D00,
    0x1D00, 0x1D00, 0x1D00, 0x1D00, 0x1D00, 0x1D00, 0x1D00, 0x1D00, 0x1D00, 0x1D00, 0x1D00, 0x1D00, 0x1D00, 0x1D00, 0x1D00, 0x1D00,
    0x1D00, 0x1D00, 0x1D00, 0x1D00, 0x1D00, 0x1D00, 0x1D00, 0x1D00, 0x1D00, 0x1D00, 0x1D00, 0x1D00, 0x1D00, 0x1D00, 0x1D00, 0x1D00,
    0x1D00, 0x1D00, 0x1D00, 0x1D00, 0x1D00, 0x1D00, 0x1D00, 0x1D00, 0x1D00, 0x1D00, 0x1D00, 0x1D00, 0x1D00, 0x1D00, 0x1D00, 0x1D00,
    0x1D00, 0x1D00, 0x1D00, 0x1D00, 0x1D00, 0x1D00, 0x1D00, 0x1D00, 0x1D00, 0x1D00, 0x1D00, 0x1D00, 0x1D00, 0x1D00, 0x1D00, 0x1D00,
    0x1D00, 0x1D00, 0x1D00, 0x1D00, 0x1D00, 0x1D00, 0x1D00, 0x1D00, 0x1D00, 0x1D00, 0x1D00, 0x1D00, 0x1D00, 0x1D00, 0x1D00, 0x1D00,
    0x1D00, 0x1D00, 0x1D00, 0x1D00, 0x1D00, 0x1D00, 0x1D00, 0x1D00, 0x1D00, 0x1D00, 0x1D00, 0x1D00, 0x1D00, 0x1D00, 0x1D00, 0x1D00,
    0x1D00, 0x1D00, 0x1D00, 0x1D00, 0x1D00, 0x1D00, 0x1D00, 0x1D00, 0x1D00, 0x1D00, 0x1D00, 0x1D00, 0x1D00, 0x1D00, 0x1D00, 0x1D00,
    0x1D00, 0x1D00, 0x1D00, 0x1D00, 0x1D00, 0x1D00, 0x1D00, 0x1D00, 0x1D00, 0x1D00, 0x1D00, 0x1D00, 0x1D00, 0x1D00, 0x1D00, 0x1D00,
    0x1D00, 0x1D00, 0x1D00, 0x1D00, 0x1D00, 0x1D00, 0x1D00, 0x1D00, 0x1D00, 0x1D00, 0x1D00, 0x1D00, 0x1D00, 0x1D00, 0x1D00, 0x1D00,
    0x1D00, 0x1D00, 0x1D00, 0x1D00, 0x1D00, 0x1D00, 0x1D00, 0x1D00, 0x1D00, 0x1D00, 0x1D00, 0x1D00, 0x1D00, 0x1D00, 0x1D00, 0x1D00,
    0x1D00, 0x1D00, 0x1D00, 0x1D00, 0x1D00, 0x1D00, 0x1D00, 0x1D00, 0x1D00, 0x1D00, 0x1D00, 0x1D00, 0x1D00, 0x1D00, 0x1D00, 0x1D00,
    0x1D00, 0x1D00, 0x1D00, 0x1D00, 0x1D00, 0x1D00, 0x1D00, 0x1D00, 0x1D00, 0x1D00, 0x1D00, 0x1D00, 0x1D00, 0x1D00, 0x1D00, 0x1D00,
    0x1D00, 0x1D00, 0x1D00, 0x1D00, 0x1D00, 0x1D00, 0x1D00, 0x1D00, 0x1D00, 0x1D00, 0x1D00, 0x1D00, 0x1D00, 0x1D00, 0x1D00, 0x1D00,
    0x1D00, 0x1D00, 0x1D00, 0x1D00, 0x1D00, 0x1D00, 0x1D00, 0x1D00, 0x1D00, 0x1D00, 0x1D00, 0x1D00, 0x1D00, 0x1D00, 0x1D00, 0x1D00,
    0x1D00, 0x1D00, 0x1D00, 0x1D00, 0x1D00, 0x1D00, 0x1D00, 0x1D00, 0x1D00, 0x1D00, 0x1D00, 0x1D00, 0x1D00, 0x1D00, 0x1D00, 0x1D00,
    0x1D00, 0x1D00, 0x1D00, 0x1D00, 0x1D00, 0x1D00, 0x1D00, 0x1D00, 0x1D00, 0x1D00, 0x1D00, 0x1D00, 0x1D00, 0x1D00, 0x1D00, 0x1D00,
    0x1D00, 0x1D00, 0x1D00, 0x1D00, 0x1D00, 0x1D00, 0x1D00, 0x1D00, 0x1D00, 0x1D00, 0x1D00, 0x1D00, 0x1D00, 0x1D00, 0x1D00, 0x1D00,
    0x1D00, 0x1D00, 0x1D00, 0x1D00, 0x1D00, 0x1D00, 0x1D00, 0x1D00, 0x1D00, 0x1D00, 0x1D00, 0x1D00, 0x1D00, 0x1D00, 0x1D00, 0x1D00,
    0x1D00, 0x1D00, 0x1D00, 0x1D00, 0x1D00, 0x1D00, 0x1D00, 0x1D00, 0x1D00, 0x1D00, 0x1D00, 0x1D00, 0x1D00, 0x1D00, 0x1D00, 0x1D00,
    0x1D00, 0x1D00, 0x1D00, 0x1D00, 0x1D00, 0x1D00, 0x1D00, 0x1D00, 0x1D00, 0x1D00, 0x1D00, 0x1D00, 0x1D00, 0x1D00, 0x1D00, 0x1D00,
    0x1D00, 0x1D00, 0x1D00, 0x1D00, 0x1D00, 0x1D00, 0x1D00, 0x1D00, 0x1D00, 0x1D00, 0x1D00, 0x1D00, 0x1D00, 0x1D00, 0x1D00, 0x1D00,
    0x1D00, 0x1D00, 0x1D00, 0x1D00, 0x1D00, 0x1D00, 0x1D00, 0x1D00, 0x1D00, 0x1D00, 0x1D00, 0x1D00, 0x1D00, 0x1D00, 0x1D00, 0x1D00,
    0x1D00, 0x1D00, 0x1D00, 0x1D00, 0x1D00, 0x1D00, 0x1D00, 0x1D00, 0x1D00, 0x1D00, 0x1D00, 0x1D00, 0x1D00, 0x1D00, 0x1D00, 0x1D00,
    0x1D00, 0x1D00, 0x1D00, 0x1D00, 0x1D00, 0x1D00, 0x1D00, 0x1D00, 0x1D00, 0x1D00, 0x1D00, 0x1D00, 0x1D00, 0x1D00, 0x1D00, 0x1D00,
    0x1D00, 0x1D00, 0x1D00, 0x1D00, 0x1D00, 0x1D00, 0x1D00, 0x1D00, 0x1D00, 0x1D00, 0x1D00, 0x1D00, 0x1D00, 0x1D00, 0x1D00, 0x1D00,
    0x1D00, 0x1D00, 0x1D00, 0x1D00, 0x1D00, 0x1D00, 0x1D00, 0x1D00, 0x1D00, 0x1D00, 0x1D00, 0x1D00, 0x1D00, 0x1D00, 0x1D00, 0x1D00,
    0x1D00, 0x1D00, 0x1D00, 0x1D00, 0x1D00, 0x1D00, 0x1D00, 0x1D00, 0x1D00, 0x1D00, 0x1D00, 0x1D00, 0x1D00, 0x1D00, 0x1D00, 0x1D00,
    0x1D00, 0x1D00, 0x1D00, 0x1D00, 0x1D00, 0x1D00, 0x1D00, 0x1D00, 0x1D00, 0x1D00, 0x1D00, 0x1D00, 0x1D00, 0x1D00, 0x1D00, 0x1D00,
    0x1D00, 0x1D00, 0x1D00, 0x1D00, 0x1D00, 0x1D00, 0x1D00, 0x1D00, 0x1D00, 0x1D00, 0x1D00, 0x1D00, 0x1D00, 0x1D00, 0x1D00, 0x1D00,
    0x1D00, 0x1D00, 0x1D00, 0x1D00, 0x1D00, 0x1D00, 0x1D00, 0x1D00, 0x1D00, 0x1D00, 0x1D00, 0x1D00, 0x1D00, 0x1D00, 0x1D00, 0x1D00,
    0x1D00, 0x1D00, 0x1D00, 0x1D00, 0x1D00, 0x1D00, 0x1D00, 0x1D00, 0x1D00, 0x1D00, 0x1D00, 0x1D00, 0x1D00, 0x1D00, 0x1D00, 0x1D00,
    0x1D00, 0x1D00, 0x1D00, 0x1D00, 0x1D00, 0x1D00, 0x1D00, 0x1D00, 0x1D00, 0x1D00, 0x1D00, 0x1D00, 0x1D00, 0x1D00, 0x1D00, 0x1D00,
    0x1D00, 0x1D00, 0x1D00, 0x1D00, 0x1D00, 0x1D00, 0x1D00, 0x1D00, 0x1D00, 0x1D00, 0x1D00, 0x1D00, 0x1D00, 0x1D00, 0x1D00, 0x1D00,
    0x1D00, 0x1D00, 0x1D00, 0x1D00, 0x1D00, 0x1D00, 0x1D00, 0x1D00, 0x1D00, 0x1D00, 0x1D00, 0x1D00, 0x1D00, 0x1D00, 0x1D00, 0x1D00,
    0x1D00, 0x1D00, 0x1D00, 0x1D00, 0x1D00, 0x1D00, 0x1D00, 0x1D00, 0x1D00, 0x1D00, 0x1D00, 0x1D00, 0x1D00, 0x1D00, 0x1D00, 0x1D00,
    0x1D00, 0x1D00, 0x1D00, 0x1D00, 0x1D00, 0x1D00, 0x1D00, 0x1D00, 0x1D00, 0x1D00, 0x1D00, 0x1D00, 0x1D00, 0x1D00, 0x1D00, 0x1D00,
    0x1D00, 0x1D00, 0x1D00, 0x1D00, 0x1D00, 0x1D00, 0x1D00, 0x1D00, 0x1D00, 0x1D00, 0x1D00, 0x1D00, 0x1D00, 0x1D00, 0x1D00, 0x1D00,
    0x1D00, 0x1D00, 0x1D00, 0x1D00, 0x1D00, 0x1D00, 0x1D00, 0x1D00, 0x1D00, 0x1D00, 0x1D00, 0x1D00, 0x1D00, 0x1D00, 0x1D00, 0x1D00,
    0x1D00, 0x1D00, 0x1D00, 0x1D00, 0x1D00, 0x1D00, 0x1D00, 0x1D00, 0x1D00, 0x1D00, 0x1D00, 0x1D00, 0x4400, 0x4400, 0x4400, 0x4400,
    0x4400, 0x4400, 0x4400, 0x4400, 0x4400, 0x4400, 0x4400, 0x4400, 0x4400, 0x4400, 0x4400, 0x4400, 0x4400, 0x4400, 0x4400, 0x4400,
    0x4400, 0x4400, 0x4400, 0x4400, 0x4400, 0x4400, 0x4400, 0x4400, 0x4400, 0x4400, 0x4400, 0x4400, 0x4400, 0x4400, 0x4400, 0x4400,
    0x4400, 0x4400, 0x4400, 0x4400, 0x4400, 0x4400, 0x4400, 0x4400, 0x4400, 0x4400, 0x4400, 0x4400, 0x4400, 0x4400, 0x4400, 0x4400,
    0x4400, 0x4400, 0x4400, 0x4400, 0x4400, 0x4400, 0x4400, 0x4400, 0x4400, 0x4400, 0x4400, 0x4400, 0x4400, 0x4400, 0x4400, 0x4400,
    0x4400, 0x4400, 0x4400, 0x4400, 0x4400, 0x4400, 0x4400, 0x4400, 0x4400, 0x4400, 0x4400, 0x4400, 0x4400, 0x4400, 0x4400, 0x4400,
    0x4400, 0x4400, 0x4400, 0x4400, 0x4400, 0x4400, 0x4400, 0x4400, 0x4400, 0x4400, 0x4400, 0x4400, 0x4400, 0x4400, 0x4400, 0x4400,
    0x4400, 0x4400, 0x4400, 0x4400, 0x4400, 0x4400, 0x4400, 0x4400, 0x4400, 0x4400, 0x4400, 0x4400, 0x4400, 0x4400, 0x4400, 0x4400,
    0x4400, 0x4400, 0x4400, 0x4400, 0x4400, 0x4400, 0x4400, 0x4400, 0x4400, 0x4400, 0x4400, 0x4400, 0x4400, 0x4400, 0x4400, 0x4400,
    0x4400, 0x4400, 0x4400, 0x4400, 0x4400, 0x4400, 0x4400, 0x4400, 0x4400, 0x4400, 0x4400, 0x4400, 0x4400, 0x4400, 0x4400, 0x4400,
    0x4400, 0x4400, 0x4400, 0x4400, 0x4400, 0x4400, 0x4400, 0x4400, 0x4400, 0x4400, 0x4400, 0x4400, 0x4400, 0x4400, 0x4400, 0x4400,
    0x4400, 0x4400, 0x4400, 0x4400, 0x4400, 0x4400, 0x4400, 0x4400, 0x4400, 0x4400, 0x4400, 0x4400, 0x4400, 0x4400, 0x4400, 0x4400,
    0x4400, 0x4400, 0x4400, 0x4400, 0x4400, 0x4400, 0x4400, 0x4400, 0x4400, 0x4400, 0x4400, 0x4400, 0x4400, 0x4400, 0x4400, 0x4400,
    0x4400, 0x4400, 0x4400, 0x4400, 0x4400, 0x4400, 0x4400, 0x4400, 0x4400, 0x4400, 0x4400, 0x4400, 0x4400, 0x4400, 0x4400, 0x4400,
    0x4400, 0x4400, 0x4400, 0x4400, 0x4400, 0x4400, 0x4400, 0x4400, 0x4400, 0x4400, 0x4400, 0x4400, 0x4400, 0x4400, 0x4400, 0x4400,
    0x4400, 0x4400, 0x4400, 0x4400, 0x4400, 0x4400, 0x4400, 0x4400, 0x4400, 0x4400, 0x4400, 0x4400, 0x4400, 0x4400, 0x4400, 0x4400,
    0x4400, 0x4400, 0x4400, 0x4400, 0x4400, 0x4400, 0x4400, 0x4400, 0x4400, 0x4400, 0x4400, 0x4400, 0x4400, 0x4400, 0x4400, 0x4400,
    0x4400, 0x4400, 0x4400, 0x4400, 0x4400, 0x4400, 0x4400, 0x4400, 0x4400, 0x4400, 0x4400, 0x4400, 0x4400, 0x4400, 0x4400, 0x4400,
    0x4400, 0x4400, 0x4400, 0x4400, 0x4400, 0x4400, 0x4400, 0x4400, 0x4400, 0x4400, 0x4400, 0x4400, 0x4400, 0x4400, 0x4400, 0x4400,
    0x4400, 0x4400, 0x4400, 0x4400, 0x4400, 0x4400, 0x4400, 0x4400, 0x4400, 0x4400, 0x4400, 0x4400, 0x4400, 0x4400, 0x4400, 0x4400,
    0x4400, 0x4400, 0x4400, 0x4400, 0x4400, 0x4400, 0x4400, 0x4400, 0x4400, 0x4400, 0x4400, 0x4400, 0x4400, 0x4400, 0x4400, 0x4400,
    0x4400, 0x4400, 0x4400, 0x4400, 0x4400, 0x4400, 0x4400, 0x4400, 0x4400, 0x4400, 0x4400, 0x4400, 0x4400, 0x4400, 0x4400, 0x4400,
    0x4400, 0x4400, 0x4400, 0x4400, 0x4400, 0x4400, 0x4400, 0x4400, 0x4400, 0x4400, 0x4400, 0x4400, 0x4400, 0x4400, 0x4400, 0x4400,
    0x4400, 0x4400, 0x4400, 0x4400, 0x4400, 0x4400, 0x4400, 0x4400, 0x4400, 0x4400, 0x5D00, 0x5D00, 0x4400, 0x4400, 0x4400, 0x4400,
    0x4400, 0x4400, 0x4400, 0x4400, 0x4400, 0x4400, 0x4400, 0x4400, 0x4400, 0x4400, 0x4400, 0x4400, 0x4400, 0x4400, 0x4400, 0x4400,
    0x4400, 0x4400, 0x4400, 0x4400, 0x4400, 0x4400, 0x4400, 0x4400, 0x4400, 0x4400, 0x4400, 0x4400, 0x4400, 0x4400, 0x4400, 0x4400,
    0x4400, 0x4400, 0x4400, 0x4400, 0x4400, 0x4400, 0x4400, 0x4400, 0x4400, 0x4400, 0x4400, 0x4400, 0x4400, 0x4400, 0x4400, 0x4400,
    0x4400, 0x4400, 0x4400, 0x4400, 0x4400, 0x4400, 0x4400, 0x4400, 0x4400, 0x4400, 0x4400, 0x4400, 0x4400, 0x4400, 0x4400, 0x4400,
    0x4400, 0x4400, 0x4400, 0x4400, 0x4400, 0x4400, 0x4400, 0x4400, 0x4400, 0x4400, 0x4400, 0x4400, 0x4400, 0x4400, 0x4400, 0x4400,
    0x4400, 0x4400, 0x4400, 0x4400, 0x4400, 0x4400, 0x4400, 0x4400, 0x4400, 0x4400, 0x4400, 0x4400, 0x4400, 0x4400, 0x4400, 0x4400,
    0x4400, 0x4400, 0x4400, 0x4400, 0x4400, 0x4400, 0x5D00, 0x5D00, 0x5D00, 0x5D00, 0x5D00, 0x5D00, 0x5D00, 0x5D00, 0x5D00, 0x5D00,
    0x5D00, 0x5D00, 0x5D00, 0x5D00, 0x5D00, 0x5D00, 0x5D00, 0x5D00, 0x5D00, 0x5D00, 0x5D00, 0x5D00, 0x5D00, 0x5D00, 0x5D00, 0x5D00,
    0x5D00, 0x5D00, 0x5D00, 0x5D00, 0x5D00, 0x5D00, 0x5D00, 0x5D00, 0x5D00, 0x5D00, 0x5D00, 0x5D00, 0x0100, 0x0100, 0x0100, 0x0100,
    0x0100, 0x0100, 0x0100, 0x1D00, 0x1D00, 0x1D00, 0x1D00, 0x1D00, 0x1D00, 0x1D00, 0x1D00, 0x1D00, 0x1D00, 0x1D00, 0x1D00, 0x0100,
    0x0100, 0x0100, 0x0100, 0x0100, 0x1D00, 0x1D00, 0x1D00, 0x1D00, 0x1D00, 0x0401, 0x0518, 0x0401, 0x0401, 0x0401, 0x0401, 0x0401,
    0x0401, 0x0401, 0x0401, 0x0401, 0x0401, 0x1205, 0x0401, 0x0401, 0x0401, 0x0401, 0x0401, 0x0401, 0x0401, 0x0401, 0x0401, 0x0401,
    0x0401, 0x0401, 0x0401, 0x1D00, 0x0401, 0x0401, 0x0401, 0x0401, 0x0401, 0x1D00, 0x0401, 0x1D00, 0x0401, 0x0401, 0x1D00, 0x0401,
    0x0401, 0x1D00, 0x0401, 0x0401, 0x0401, 0x0401, 0x0401, 0x0401, 0x0401, 0x0401, 0x0401, 0x0401, 0x0402, 0x0402, 0x0402, 0x0402,
    0x0402, 0x0402, 0x0402, 0x0402, 0x0402, 0x0402, 0x0402, 0x0402, 0x0402, 0x0402, 0x0402, 0x0402, 0x0402, 0x0402, 0x0402, 0x0402,
    0x0402, 0x0402, 0x0402, 0x0402, 0x0402, 0x0402, 0x0402, 0x0402, 0x0402, 0x0402, 0x0402, 0x0402, 0x0402, 0x0402, 0x0402, 0x0402,
    0x0402, 0x0402, 0x0402, 0x0402, 0x0402, 0x0402, 0x0402, 0x0402, 0x0402, 0x0402, 0x0402, 0x0402, 0x0402, 0x0402, 0x0402, 0x0402,
    0x0402, 0x0402, 0x0402, 0x0402, 0x0402, 0x0402, 0x0402, 0x0402, 0x0402, 0x0402, 0x0402, 0x0402, 0x0402, 0x0402, 0x0402, 0x0402,
    0x0402, 0x0402, 0x0402, 0x0402, 0x0402, 0x0402, 0x0402, 0x0402, 0x0402, 0x0402, 0x0402, 0x0402, 0x0402, 0x0402, 0x0402, 0x0402,
    0x0402, 0x0402, 0x0402, 0x0402, 0x0402, 0x0402, 0x0402, 0x0402, 0x0402, 0x0402, 0x0402, 0x0402, 0x0402, 0x0402, 0x1402, 0x1402,
    0x1402, 0x1402, 0x1402, 0x1402, 0x1402, 0x1402, 0x1402, 0x1402, 0x1402, 0x1402, 0x1402, 0x1402, 0x1402, 0x1402, 0x1D00, 0x1D00,
    0x1D00, 0x1D00, 0x1D00, 0x1D00, 0x1D00, 0x1D00, 0x1D00, 0x1D00, 0x1D00, 0x1D00, 0x1D00, 0x1D00, 0x1D00, 0x1D00, 0x1D00, 0x0402,
    0x0402, 0x0402, 0x0402, 0x0402, 0x0402, 0x0402, 0x0402, 0x0402, 0x0402, 0x0402, 0x0402, 0x0402, 0x0402, 0x0402, 0x0402, 0x0402,
    0x0402, 0x0402, 0x0402, 0x0402, 0x0402, 0x0402, 0x0402, 0x0402, 0x0402, 0x0402, 0x0402, 0x0402, 0x0402, 0x0402, 0x0402, 0x0402,
    0x0402, 0x0402, 0x0402, 0x0402, 0x0402, 0x0402, 0x0402, 0x0402, 0x0402, 0x0402, 0x0402, 0x0402, 0x0402, 0x0402, 0x0402, 0x0402,
    0x0402, 0x0402, 0x0402, 0x0402, 0x0402, 0x0402, 0x0402, 0x0402, 0x0402, 0x0402, 0x0402, 0x0402, 0x0402, 0x0402, 0x0402, 0x0402,
    0x0402, 0x0402, 0x0402, 0x0402, 0x0402, 0x0402, 0x0402, 0x0402, 0x0402, 0x0402, 0x0402, 0x0402, 0x0402, 0x0402, 0x0402, 0x0402,
    0x0402, 0x0402, 0x0402, 0x0402, 0x0402, 0x0402, 0x0402, 0x0402, 0x0402, 0x0402, 0x0402, 0x0402, 0x0402, 0x0402, 0x0402, 0x0402,
    0x0402, 0x0402, 0x0402, 0x0402, 0x0402, 0x0402, 0x0402, 0x0402, 0x0402, 0x0402, 0x0402, 0x0402, 0x0402, 0x0402, 0x0402, 0x0402,
    0x0402, 0x0402, 0x0402, 0x0402, 0x0402, 0x0402, 0x0402, 0x0402, 0x0402, 0x0402, 0x0402, 0x0402, 0x0402, 0x0402, 0x0402, 0x0402,
    0x0402, 0x0402, 0x0402, 0x0402, 0x0402, 0x0402, 0x0402, 0x0402, 0x0402, 0x0402, 0x0402, 0x0402, 0x0402, 0x0402, 0x0402, 0x0402,
    0x0402, 0x0402, 0x0402, 0x0402, 0x0402, 0x0402, 0x0402, 0x0402, 0x0402, 0x0402, 0x0402, 0x0402, 0x0402, 0x0402, 0x0402, 0x0402,
    0x0402, 0x0402, 0x0402, 0x0402, 0x0402, 0x0402, 0x0402, 0x0402, 0x0402, 0x0402, 0x0402, 0x0402, 0x0402, 0x0402, 0x0402, 0x0402,
    0x0402, 0x0402, 0x0402, 0x0402, 0x0402, 0x0402, 0x0402, 0x0402, 0x0402, 0x0402, 0x0402, 0x0402, 0x0402, 0x0402, 0x0402, 0x0402,
    0x0402, 0x0402, 0x0402, 0x0402, 0x0402, 0x0402, 0x0402, 0x0402, 0x0402, 0x0402, 0x0402, 0x0402, 0x0402, 0x0402, 0x0402, 0x0402,
    0x0402, 0x0402, 0x0402, 0x0402, 0x0402, 0x0402, 0x0402, 0x0402, 0x0402, 0x0402, 0x0402, 0x0402, 0x0402, 0x0402, 0x0402, 0x0402,
    0x0402, 0x0402, 0x0402, 0x0402, 0x0402, 0x0402, 0x0402, 0x0402, 0x0402, 0x0402, 0x0402, 0x0402, 0x0402, 0x0402, 0x0402, 0x0402,
    0x0402, 0x0402, 0x0402, 0x0402, 0x0402, 0x0402, 0x0402, 0x0402, 0x0402, 0x0402, 0x0402, 0x0402, 0x0402, 0x0402, 0x0402, 0x0402,
    0x0402, 0x0402, 0x0402, 0x0402, 0x0402, 0x0402, 0x0402, 0x0402, 0x0402, 0x0402, 0x0402, 0x0402, 0x0402, 0x0402, 0x0402, 0x0402,
    0x0402, 0x0402, 0x0402, 0x0402, 0x0402, 0x0402, 0x0402, 0x0402, 0x0402, 0x0402, 0x0402, 0x0402, 0x0402, 0x0402, 0x0402, 0x0402,
    0x0402, 0x0402, 0x0402, 0x0402, 0x0402, 0x0402, 0x0402, 0x0402, 0x0402, 0x0402, 0x0402, 0x0402, 0x0402, 0x0402, 0x0402, 0x0402,
    0x0402, 0x0402, 0x0402, 0x0402, 0x0402, 0x0402, 0x0402, 0x0402, 0x0402, 0x0402, 0x0402, 0x0402, 0x0402, 0x0402, 0x0402, 0x0402,
    0x0402, 0x0402, 0x0402, 0x0402, 0x0402, 0x0402, 0x0402, 0x0402, 0x0402, 0x0402, 0x0402, 0x0402, 0x0402, 0x0402, 0x0402, 0x0402,
    0x0402, 0x0402, 0x0402, 0x0402, 0x0402, 0x0402, 0x0402, 0x0402, 0x0402, 0x0402, 0x0402, 0x0402, 0x0402, 0x0402, 0x0402, 0x0402,
    0x0402, 0x0402, 0x0402, 0x0402, 0x0402, 0x0402, 0x0402, 0x0402, 0x0402, 0x0402, 0x0E09, 0x0D09, 0x1D00, 0x1D00, 0x1D00, 0x1D00,
    0x1D00, 0x1D00, 0x1D00, 0x1D00, 0x1D00, 0x1D00, 0x1D00, 0x1D00, 0x1D00, 0x1D00, 0x1D00, 0x1D00, 0x0402, 0x0402, 0x0402, 0x0402,
    0x0402, 0x0402, 0x0402, 0x0402, 0x0402, 0x0402, 0x0402, 0x0402, 0x0402, 0x0402, 0x0402, 0x0402, 0x0402, 0x0402, 0x0402, 0x0402,
    0x0402, 0x0402, 0x0402, 0x0402, 0x0402, 0x0402, 0x0402, 0x0402, 0x0402, 0x0402, 0x0402, 0x0402, 0x0402, 0x0402, 0x0402, 0x0402,
    0x0402, 0x0402, 0x0402, 0x0402, 0x0402, 0x0402, 0x0402, 0x0402, 0x0402, 0x0402, 0x0402, 0x0402, 0x0402, 0x0402, 0x0402, 0x0402,
    0x0402, 0x0402, 0x0402, 0x0402, 0x0402, 0x0402, 0x0402, 0x0402, 0x0402, 0x0402, 0x0402, 0x0402, 0x1D00, 0x1D00, 0x0402, 0x0402,
    0x0402, 0x0402, 0x0402, 0x0402, 0x0402, 0x0402, 0x0402, 0x0402, 0x0402, 0x0402, 0x0402, 0x0402, 0x0402, 0x0402, 0x0402, 0x0402,
    0x0402, 0x0402, 0x0402, 0x0402, 0x0402, 0x0402, 0x0402, 0x0402, 0x0402, 0x0402, 0x0402, 0x0402, 0x0402, 0x0402, 0x0402, 0x0402,
    0x0402, 0x0402, 0x0402, 0x0402, 0x0402, 0x0402, 0x0402, 0x0402, 0x0402, 0x0402, 0x0402, 0x0402, 0x0402, 0x0402, 0x0402, 0x0402,
    0x0402, 0x0402, 0x0402, 0x0402, 0x1D00, 0x1D00, 0x1D00, 0x1D00, 0x1D00, 0x1D00, 0x1D00, 0x1D00, 0x1D00, 0x1D00, 0x1D00, 0x1D00,
    0x1D00, 0x1D00, 0x1D00, 0x1D00, 0x1D00, 0x1D00, 0x1D00, 0x1D00, 0x1D00, 0x1D00, 0x1D00, 0x1D00, 0x1D00, 0x1D00, 0x1D00, 0x1D00,
    0x1D00, 0x1D00, 0x1D00, 0x1D00, 0x1D00, 0x1D00, 0x1D00, 0x1D00, 0x1D00, 0x1D00, 0x1D00, 0x1D00, 0x0402, 0x0402, 0x0402, 0x0402,
    0x0402, 0x0402, 0x0402, 0x0402, 0x0402, 0x0402, 0x0402, 0x0402, 0x1302, 0x1509, 0x1D00, 0x1D00, 0x0518, 0x0518, 0x0518, 0x0518,
    0x0518, 0x0518, 0x0518, 0x0518, 0x0518, 0x0518, 0x0518, 0x0518, 0x0518, 0x0518, 0x0518, 0x0518, 0x1109, 0x1109, 0x1109, 0x1109,
    0x1109, 0x1109, 0x1109, 0x0D09, 0x0E09, 0x1109, 0x1D00, 0x1D00, 0x1D00, 0x1D00, 0x1D00, 0x1D00, 0x0518, 0x0518, 0x0518, 0x0518,
    0x0518, 0x0518, 0x0518, 0x0518, 0x0518, 0x0518, 0x0518, 0x0518, 0x0518, 0x0518, 0x0518, 0x0518, 0x5109, 0x4C09, 0x4C09, 0x4B09,
    0x4B09, 0x0D09, 0x0E09, 0x0D09, 0x0E09, 0x0D09, 0x0E09, 0x0D09, 0x0E09, 0x0D09, 0x0E09, 0x0D09, 0x0E09, 0x0D09, 0x0E09, 0x0D09,
    0x0E09, 0x5109, 0x5109, 0x0D09, 0x0E09, 0x5109, 0x5109, 0x5109, 0x5109, 0x4B09, 0x4B09, 0x4B09, 0x1107, 0x5109, 0x1107, 0x1D00,
    0x1109, 0x1107, 0x1109, 0x1109, 0x4C09, 0x0D69, 0x0E69, 0x0D69, 0x0E69, 0x0D69, 0x0E69, 0x5106, 0x5109, 0x5109, 0x5205, 0x4C05,
    0x5269, 0x5269, 0x5209, 0x1D00, 0x5109, 0x1306, 0x1106, 0x5109, 0x1D00, 0x1D00, 0x1D00, 0x1D00, 0x0402, 0x0402, 0x0402, 0x0402,
    0x0402, 0x1D00, 0x0402, 0x0402, 0x0402, 0x0402, 0x0402, 0x0402, 0x0402, 0x0402, 0x0402, 0x0402, 0x0402, 0x0402, 0x0402, 0x0402,
    0x0402, 0x0402, 0x0402, 0x0402, 0x0402, 0x0402, 0x0402, 0x0402, 0x0402, 0x0402, 0x0402, 0x0402, 0x0402, 0x0402, 0x0402, 0x0402,
    0x0402, 0x0402, 0x0402, 0x0402, 0x0402, 0x0402, 0x0402, 0x0402, 0x0402, 0x0402, 0x0402, 0x0402, 0x0402, 0x0402, 0x0402, 0x0402,
    0x0402, 0x0402, 0x0402, 0x0402, 0x0402, 0x0402, 0x0402, 0x0402, 0x0402, 0x0402, 0x0402, 0x0402, 0x0402, 0x0402, 0x0402, 0x0402,
    0x0402, 0x0402, 0x0402, 0x0402, 0x0402, 0x0402, 0x0402, 0x0402, 0x0402, 0x0402, 0x0402, 0x0402, 0x0402, 0x0402, 0x0402, 0x0402,
    0x0402, 0x0402, 0x0402, 0x0402, 0x0402, 0x0402, 0x0402, 0x0402, 0x0402, 0x0402, 0x0402, 0x0402, 0x0402, 0x0402, 0x0402, 0x0402,
    0x0402, 0x0402, 0x0402, 0x0402, 0x0402, 0x0402, 0x0402, 0x0402, 0x0402, 0x0402, 0x0402, 0x0402, 0x0402, 0x0402, 0x0402, 0x0402,
    0x0402, 0x0402, 0x0402, 0x0402, 0x0402, 0x0402, 0x0402, 0x0402, 0x0402, 0x0402, 0x0402, 0x0402, 0x0402, 0x0402, 0x0402, 0x0402,
    0x0402, 0x0402, 0x0402, 0x0402, 0x0402, 0x0402, 0x0402, 0x0402, 0x0402, 0x1D00, 0x1D00, 0x1A0B, 0x1D00, 0x1109, 0x5109, 0x5106,
    0x1306, 0x1106, 0x5109, 0x5109, 0x0D69, 0x0E69, 0x5109, 0x5205, 0x1107, 0x4C05, 0x1107, 0x5107, 0x4803, 0x4803, 0x4803, 0x4803,
    0x4803, 0x4803, 0x4803, 0x4803, 0x4803, 0x4803, 0x1107, 0x1109, 0x5269, 0x5209, 0x5269, 0x1109, 0x5109, 0x4000, 0x4000, 0x4000,
    0x4000, 0x4000, 0x4000, 0x4000, 0x4000, 0x4000, 0x4000, 0x4000, 0x4000, 0x4000, 0x4000, 0x4000, 0x4000, 0x4000, 0x4000, 0x4000,
    0x4000, 0x4000, 0x4000, 0x4000, 0x4000, 0x4000, 0x4000, 0x0D69, 0x5109, 0x0E69, 0x5409, 0x4B09, 0x5409, 0x4100, 0x4100, 0x4100,
    0x4100, 0x4100, 0x4100, 0x4100, 0x4100, 0x4100, 0x4100, 0x4100, 0x4100, 0x4100, 0x4100, 0x4100, 0x4100, 0x4100, 0x4100, 0x4100,
    0x4100, 0x4100, 0x4100, 0x4100, 0x4100, 0x4100, 0x4100, 0x0D69, 0x5209, 0x0E69, 0x5209, 0x0D69, 0x0E69, 0x1109, 0x0D69, 0x0E69,
    0x1109, 0x1109, 0x4400, 0x0400, 0x0400, 0x0400, 0x0400, 0x0400, 0x0400, 0x0400, 0x0400, 0x0400, 0x0300, 0x4400, 0x4400, 0x4400,
    0x4400, 0x4400, 0x4400, 0x4400, 0x4400, 0x4400, 0x4400, 0x4400, 0x4400, 0x4400, 0x4400, 0x4400, 0x4400, 0x4400, 0x4400, 0x4400,
    0x4400, 0x4400, 0x4400, 0x4400, 0x4400, 0x4400, 0x4400, 0x4400, 0x4400, 0x4400, 0x4400, 0x4400, 0x4400, 0x4400, 0x4400, 0x4400,
    0x4400, 0x4400, 0x4400, 0x4400, 0x4400, 0x4400, 0x4400, 0x4400, 0x4400, 0x4400, 0x0300, 0x0300, 0x4400, 0x4400, 0x4400, 0x4400,
    0x4400, 0x4400, 0x4400, 0x4400, 0x4400, 0x4400, 0x4400, 0x4400, 0x4400, 0x4400, 0x4400, 0x4400, 0x4400, 0x4400, 0x4400, 0x4400,
    0x4400, 0x4400, 0x4400, 0x4400, 0x4400, 0x4400, 0x4400, 0x4400, 0x4400, 0x4400, 0x4400, 0x1D00, 0x1D00, 0x1D00, 0x4400, 0x4400,
    0x4400, 0x4400, 0x4400, 0x4400, 0x1D00, 0x1D00, 0x4400, 0x4400, 0x4400, 0x4400, 0x4400, 0x4400, 0x1D00, 0x1D00, 0x4400, 0x4400,
    0x4400, 0x4400, 0x4400, 0x4400, 0x1D00, 0x1D00, 0x4400, 0x4400, 0x4400, 0x1D00, 0x1D00, 0x1D00, 0x1306, 0x1306, 0x5209, 0x5409,
    0x5509, 0x1306, 0x1306, 0x1D00, 0x1509, 0x1209, 0x1209, 0x1209, 0x1209, 0x1509, 0x1509, 0x1D00, 0x1D00, 0x1D00, 0x1D00, 0x1D00,
    0x1D00, 0x1D00, 0x1D00, 0x1D00, 0x1D00, 0x1A09, 0x1A09, 0x1A09, 0x5509, 0x5509,
};

unicode_info_t getTraitsForCodepoint(UNICODE_CODEPOINT codepoint) {
    unicode_info_t retval;

    if (codepoint < 0x3400) retval.packed = _unicode_info_0000_33FF[codepoint];
    else if (codepoint <= 0x4DB5) retval.packed = 0x4400; // 3400-4DB5 uniform range
    else if (codepoint < 0x4E00) retval.packed = _unicode_info_4DB6_4DFF[codepoint - 0x4DB6];
    else if (codepoint <= 0x9FEF) retval.packed = 0x4400; // 4E00-9FEF uniform range
    else if (codepoint < 0xAC00) retval.packed = _unicode_info_9FF0_ABFF[codepoint - 0x9FF0];
    else if (codepoint <= 0xD7A3) retval.packed = 0x0400; // AC00-D7A3 uniform range
    else if (codepoint <= 0xFFFD) retval.packed = _unicode_info_D7A4_FFFD[codepoint - 0xD7A4];
    else retval.packed = 0xFFFF; // not a character

    return retval;
}
